ID,Nombre,Habitaciones,Parcelas,Plazas,Cabañas,Fecha Inscripción,Departamento,Clasificación,Localidad
1,PARK HYATT MENDOZA,186,,372,,20/06/2001,Capital,Hotel,CIUDAD 
2,HOTEL CERVANTES,40,0,120,0,16/11/1984,Capital,Hotel,CIUDAD
3,GRAND HOTEL BALBI,108,0,240,0,26/10/2001,Capital,Hotel,CIUDAD
4,LA HORQUETA,,0,,0,10/01/2001,San Rafael,Cabañas,CAÑON DEL ATUEL
5,CASITA SUIZA,0,0,0,0,01/05/2020,Las Heras,Hospedaje,USPALLATA
6,ARIOSTO,40,0,110,0,05/06/1986,Capital,Hotel,CIUDAD
7,RITZ,39,0,110,0,07/01/1986,Capital,Hotel,CIUDAD
8,ALTOS DEL VALLE,,0,,0,12/09/2001,Lujan,Cabañas,POTRERILLOS
9,CABAÑAS DEL PIRCAS,,0,,0,06/08/2019,Tunuyan,Cabañas,EL MANZANO
10,NUEVO HOTEL SAN FRANCISCO,40,0,80,0,11/11/2004,Lujan,Hotel,CHACRAS DE CORIA
11,HOSTEL KATMANDU,9,0,20,0,11/12/2018,Malargue,Hospedaje,CIUDAD
12,MILENA,20,0,47,0,29/11/1984,Capital,Hotel,CIUDAD
15,RAÍCES ACONCAGUA,151,,302,,29/06/1998,Capital,Hotel,CIUDAD DE MENDOZA
19,AMERICA,36,0,90,0,02/10/1984,Capital,Hotel,CIUDAD
22,GEMINIS,0,0,0,0,21/01/1997,Malargue,Apart-Hotel,LAS LEÑAS
23,SAN MARTIN,35,0,70,0,12/01/1994,Capital,Hotel,CIUDAD
25,CAROLLO,50,0,100,0,15/06/2000,Capital,Hotel,CIUDAD
26,PANAMERICANO,20,0,44,0,15/11/1984,Guaymallen,Hotel,DORREGO
27,EL PARAISO DEL VALLE,0,0,0,0,10/02/2003,San Rafael,Cabañas,VALLE GRANDE
28,GRAN HOTEL USPALLATA,0,0,0,0,10/08/1999,Las Heras,Hotel,USPALLATA
29,CRISTAL,0,0,0,0,18/10/1993,Capital,Hotel,CIUDAD
30,CASINO,0,0,0,0,15/11/1984,Capital,Hotel,CIUDAD
31,PROVINCIAL,36,0,90,0,23/03/2001,Capital,Hotel,CIUDAD
33,AVENIDA,0,0,0,0,12/11/2003,La Paz,Hospedaje,CIUDAD
34,SAN REMO ,0,0,0,0,14/01/2003,Capital,Hotel,CIUDAD
35,ARCO IRIS,0,0,0,0,10/10/2001,Lujan,Apart-Hotel,POTRERILLOS
36,MOTEL ZURI,0,0,0,0,15/03/2000,Lujan,Cabañas,COLONIA SUIZA
37,NUTIBARA,54,0,120,0,15/11/1984,Capital,Hotel,CIUDAD
39,THE VINES RESORT AND SPA,21,0,56,0,21/03/2014,Tunuyan,Lodge,LOS SAUCES
41,CRILLON,67,0,135,0,11/03/1994,Capital,Hotel,CIUDAD
46,LA POLLAZA,0,0,0,0,12/02/2010,San Rafael,Hospedaje,CUADRO BENEGAS
47,CABAÑAS COCO,0,0,0,0,27/03/2013,Las Heras,Hospedaje,LAS COMPUERTAS
48,NUEVO CASTILLO,0,0,0,0,12/12/2001,Capital,Hotel,CIUDAD
49,CASTELAR,10,0,20,0,14/01/1988,Capital,Hotel,CIUDAD
50,URBANA SUITES,28,0,60,0,12/12/2001,Capital,Apart-Hotel,CIUDAD
51,COMPLEJO LA PIEDRA,0,0,0,0,06/01/2010,San Rafael,Hospedaje,EL NIHUIL
52,INTERNACIONAL,54,0,120,0,11/05/1986,Capital,Hotel,CIUDAD
54,LOS CONDORES,20,0,60,0,06/12/1984,Las Heras,Hostería,USPALLATA
55,CATEDRAL,20,0,54,0,06/07/2010,Capital,Hotel,CIUDAD
56,HUENTALA HOTEL BOUTIQUE,81,0,180,0,25/02/1985,Capital,Hotel,CIUDAD
59,FUENTE MAYOR HOTEL & RESORT,0,0,0,0,16/10/2018,Capital,Hotel,CIUDAD
60,PENITENTES,0,0,0,0,31/08/1983,Las Heras,Hospedaje,LOS PENITENTES
63,ESPAÑA,0,0,0,0,15/01/1986,Lujan,Hospedaje,CIUDAD
65,TERMAS DE CACHEUTA,0,0,0,0,26/07/1986,Lujan,Hospedaje,CACHEUTA
66,SHERATON MENDOZA HOTEL,0,0,0,0,18/09/2018,Capital,Hotel,CIUDAD
67,MILLALEN,0,0,0,0,26/08/1994,San Rafael,Hotel,CIUDAD
68,NECOCHEA,0,0,0,0,03/02/1990,Capital,Hotel,CIUDAD
69,BELLA VISTA LOFT,0,0,0,0,18/09/2009,Las Heras,PAT (Propiedad Alquiler Temporario),EL CHALLAO
70,ATUEL,0,0,0,0,04/02/2003,San Rafael,Hospedaje,CIUDAD
72,CENTER,19,0,50,0,19/02/1992,Capital,Hotel,CIUDAD
73,SAN MARTIN APART HOTEL,54,0,120,0,12/09/2001,San Rafael,Apart-Hotel,CIUDAD
74,EDELWEIS,0,0,0,0,18/03/2002,Lujan,Cabañas,POTRERILLOS
75,BLANCO,0,0,0,0,12/08/1992,Guaymallen,Hotel,DORREGO
76,TURISMO TUPUNGATO,31,0,84,0,06/11/1992,Tupungato,Hotel,CIUDAD
77,CERRO NEVADO (EX-LA CANALETA),0,0,0,0,05/02/1991,Lujan,Hostería,POTRERILLOS
78,TERMAS DE CACHEUTA,0,0,0,0,11/05/2022,Lujan,Camping,CACHEUTA
79,EL MANZANO,0,0,0,0,08/11/2001,Tunuyan,Camping,EL MANZANO
80,MUNICIPAL TUNUYAN,0,0,0,0,15/11/2001,Tunuyan,Hospedaje,EL MANZANO
81,RIO DIAMANTE,0,0,0,0,08/11/2001,San Rafael,Camping,VALLE GRANDE
83,DIQUE CIPOLLETTI,0,0,0,0,08/11/2001,Lujan,Camping,CIPOLLETTI
85,CABAÑAS ROSA MOSQUETA,0,0,0,0,12/10/2018,Malargue,Hospedaje,MALARGUE
86,CERRO ACONCAGUA,0,0,0,0,05/06/2002,Las Heras,Hospedaje,LOS PENITENTES
87,ALMERIA,20,0,50,0,30/01/2004,San Rafael,Hotel,CIUDAD
88,EL PERAL,0,0,0,0,08/11/2001,Tupungato,Camping,EL PERAL
89,EL TORREON,46,0,123,0,05/01/1993,Capital,Hotel,CIUDAD
90,ANTAWARA,0,0,0,0,09/07/2020,Las Heras,Hospedaje,USPALLATA
91,ALAS,20,0,50,0,19/08/1994,San Rafael,Hospedaje,CIUDAD
92,SAN RAFAEL,60,0,145,0,25/03/1988,San Rafael,Hotel,CIUDAD
93,RIO GRANDE,40,0,100,0,13/08/1986,Malargue,Hotel,CIUDAD
94,BAMBI,25,0,85,0,03/06/1986,Malargue,Hotel,CIUDAD
95,KALTON,40,0,91,0,18/11/1992,San Rafael,Hotel,CIUDAD
96,SPAZIO HOSTEL AND BREAK,3,0,22,0,26/12/2008,Capital,Hostel,CIUDAD
98,ESCORPIO,47,0,120,0,06/08/2011,Malargue,Hotel,LAS LEÑAS
100,PISCIS,0,0,0,0,06/08/1997,Malargue,Hotel,LAS LEÑAS
102,TURIS,0,0,0,0,18/10/1998,San Rafael,Hotel,CIUDAD
103,LA MARTINA CASA DE CAMPO,0,0,0,0,01/11/2018,San Rafael,Cabañas,RAMA CAIDA
104,PLAZA DE MULAS,0,0,0,0,17/10/2002,Las Heras,Hospedaje,PUENTE DEL INCA
107,REFUGIO SAN BERNARDO,0,0,0,0,17/08/2006,Lujan,Refugio,POTRERILLOS
108,ESPAÑA,0,0,0,0,21/08/1985,Capital,Hospedaje,CIUDAD
109,SAN VALENIN,0,0,0,0,04/03/2020,Gral. Alvear,Hospedaje,GRAL. ALVEAR
110,EL MANGRULLO,0,23,150,0,07/01/1986,Las Heras,Camping,EL CHALLAO
111,MESTRE,0,0,0,0,21/05/1986,Capital,Hospedaje,CIUDAD
113,CABAÑAS POSTAL DE LOS CERROS,0,0,0,0,05/01/2000,San Rafael,Cabañas,CIUDAD
115,PINATAR,0,0,0,0,23/12/2002,Guaymallen,Hospedaje,VILLA NUEVA
116,PRINCESS,59,0,110,0,28/02/1995,Capital,Hotel,CIUDAD
117,PARADOR DEL ANGEL,0,0,0,0,19/04/2006,Lujan,Hostería,CHACRAS DE CORIA
119,CABAÑAS HACER-K-T,0,0,0,0,11/03/2014,Lujan,Hospedaje,POTRERILLOS
121,BOSQUE DIVINO,23,0,110,23,07/03/2016,San Rafael,Cabañas,EL NIHUIL
122,EL NIHUIL,0,0,0,0,08/11/2001,San Rafael,Camping,EL NIHUIL
123,SIGRUM,0,0,0,0,13/03/2020,San Rafael,Hostel,CIUDAD
124,CUMELEN,12,0,36,7,03/11/2002,Lujan,Cabañas,POTRERILLOS
126,LA ESPERANZA,0,0,0,0,08/09/1988,San Rafael,Hospedaje,CIUDAD
127,CABAÑAS DEL SOL,0,0,0,0,08/07/2020,Lujan,PAT (Propiedad Alquiler Temporario),POTRERILLOS
128,CERRO NEVADO,0,0,0,0,16/06/1994,San Rafael,Hospedaje,CIUDAD
130,QUINTA & SUITES,14,0,45,0,11/01/2005,Capital,Apart-Hotel,CIUDAD
132,MUNICIPAL DE LA PAZ,0,0,0,0,17/10/2016,La Paz,Camping,CIUDAD
134,RIOMA,12,0,35,0,25/04/1986,Malargue,Hotel,CIUDAD
136,TURISMO MALARGUE,0,0,0,0,08/03/1988,Malargue,Hotel,CIUDAD
137,RINCON DE LOS ANDES,0,0,0,0,09/04/2002,Lujan,Cabañas,POTRERILLOS
138,LAHUENCO I,0,0,0,0,03/06/1986,Malargue,Hospedaje,LOS MOLLES
139,HELVETIA,0,0,0,0,19/10/2001,Lujan,PAT (Propiedad Alquiler Temporario),A.CONDARCO
141,MALLORCA,0,0,0,0,20/03/1985,Capital,Hospedaje,CIUDAD
143,HOSTAL DEL SOL,0,0,0,0,04/09/1997,Tunuyan,Hotel,CIUDAD
144,ALICIA,10,0,25,0,22/10/2001,Capital,Hospedaje,CIUDAD
145,BRISAS DEL ATUEL,0,0,0,0,06/01/2015,San Rafael,Cabañas,CIUDAD
146,SUIZO,0,0,0,0,09/02/1994,Las Heras,Apart-Hotel,EL CHALLAO
148,EL CISNE,0,0,0,0,12/01/1984,Malargue,Hospedaje,CIUDAD
149,REGINE,44,0,113,0,26/06/1995,San Rafael,Hotel,CIUDAD
151,VIÑA MARIA-BODEGA CAVAGNARO,0,0,0,0,05/12/2018,Maipu,Hospedaje,COQUIMBITO
152,ROCAS VIVAS,0,0,0,0,08/07/2020,San Carlos,Hospedaje,PAREDITAS
153,LA ALHAMBRA,14,2,35,0,26/04/2019,Gral. Alvear,Hospedaje,CIUDAD
155,RACATAHUEN CABAÑAS,0,0,0,0,07/05/2014,Lujan,Hospedaje,POTRERILLOS
156,CONFLUENCIA,0,0,0,0,02/09/2014,Capital,Hospedaje,CIUDAD
157,LOS ANDES,7,0,18,0,01/04/2008,Guaymallen,PAT (Propiedad Alquiler Temporario),SAN JOSE
158,DEL PASTIZAL,0,0,0,0,08/11/2001,Las Heras,Cabañas,USPALLATA
159,EL SOSNEADO,0,0,0,0,08/11/2001,San Rafael,Apart-Hotel,EL SOSNEADO
160,TOWER INN & SUITES,111,0,286,0,06/01/2003,San Rafael,Hotel,CIUDAD
161,CRUZ DE CAÑA,0,0,0,0,08/11/2001,Las Heras,Refugio,LOS PENITENTES
162,CAÑON DEL ATUEL,0,0,0,0,28/11/1985,San Rafael,Cabañas,CAÑON DEL ATUEL
163,PATRICIOS,0,0,0,0,02/11/2001,Lujan,Hotel,CIUDAD
165,FORLY,0,0,0,0,21/12/1992,Capital,Hospedaje,CIUDAD
166,CABAÑAS BUEN AIKE,0,0,0,0,14/05/2021,Malargue,Cabañas,CIUDAD
167,SAUCELANDIA,0,0,0,0,08/11/2001,Guaymallen,Camping,EL SAUCE
169,CLUB DE PESCADORES,0,0,0,0,13/07/1993,San Rafael,Camping,EL NIHUIL
170,BED & BREAKFAST PLAZA ITALIA,0,0,0,0,09/11/2004,Capital,Hospedaje,CIUDAD
171,DEL SOL,0,0,0,0,18/06/1999,San Rafael,Cabañas,VALLE GRANDE
172,PEQUEÑA VILLA SAN JORGE,0,0,0,0,23/04/1999,Lujan,Hospedaje,POTRERILLOS
173,CABAÑAS SAN FRANCISCO,0,0,0,0,22/06/2020,Lujan,Hospedaje,LAS VEGAS
174,INTIS,0,0,0,0,14/07/2004,San Rafael,Hospedaje,CIUDAD
175,EL SAUCE,0,0,0,0,08/11/2001,San Rafael,Camping,VALLE GRANDE
176,HUAR HOSTEL,0,0,0,0,05/01/2012,Maipu,Hostel,CIUDAD
177,MAUÉ,40,0,100,0,09/11/1994,Guaymallen,Hotel,DORREGO
179,YAPEYU,0,0,0,0,25/02/2010,Capital,Hospedaje,CIUDAD
180,PORTAL DEL LAGO,0,0,0,0,03/06/1994,Lujan,Cabañas,-
181,EL NEVADO,0,0,0,0,06/11/2000,Guaymallen,Hospedaje,SAN JOSE
182,FINCA ARCANGELES,0,0,0,0,27/04/2021,Malargue,PAT (Propiedad Alquiler Temporario),CIUDAD
184,RAYUELA,0,0,0,0,19/08/1994,San Rafael,Camping,VALLE GRANDE
185,LOS REYUNOS,0,0,0,0,12/08/1994,San Rafael,Camping,VILLA 25 DE MAYO
186,LOS PUQUIOS,0,0,0,0,29/09/1994,Las Heras,Camping,PUENTE DEL INCA
188,POSADA LA MASIA,0,0,0,0,02/01/2000,Lujan,Hospedaje,CHACRAS DE CORIA
189,LOS ALAMOS,0,0,0,0,06/10/1994,San Carlos,Camping,CAPIZ BAJO
190,VERIS TEMPUS,0,0,0,0,04/11/1994,Guaymallen,Hostel,BUENA NUEVA
192,EL MONTAÑES,0,0,0,0,17/12/2018,Las Heras,Hospedaje,USPALLATA
193,HOSTERIA TERMAS DEL CHALLAO,0,0,0,0,28/12/2001,Las Heras,Hospedaje,EL CHALLAO
194,POSADA DEL BLANCO,0,0,0,0,07/07/2021,Lujan,Petit Hotel,POTRERILLOS
195,EL PARADOR,0,0,0,0,05/06/1996,San Rafael,Cabañas,ISLA RIO DIAMANTE
196,ALBERGUE DEP.MUNICIP.,0,0,0,0,11/08/2001,San Rafael,Hospedaje,CIUDAD
197,CASA ANTUCURA,0,0,0,0,05/05/2015,Tunuyan,Hospedaje,VISTA FLORES
198,DESPERTAR DE HORNEROS,0,0,0,0,05/05/2012,Lavalle,PAT (Propiedad Alquiler Temporario),TRES DE MAYO
199,LA VIEJA ESTACION,0,0,0,0,04/10/1997,Las Heras,Refugio,PUENTE DEL INCA
200,DELPHOS,0,0,0,0,01/09/1998,Malargue,Apart-Hotel,LAS LEÑAS
201,SOL INN,0,0,0,0,03/12/1998,Guaymallen,Hospedaje,SAN JOSE
203,LA POSADA DEL ZORZAL,0,0,0,0,06/03/2016,Lujan,Hospedaje,POTRERILLOS
204,MILENIUM,0,0,0,0,12/03/2001,San Rafael,Apart-Hotel,CIUDAD
205,DE MIL AMORES,0,0,0,0,08/08/2015,San Rafael,Hospedaje,EL CERRITO
206,CABAÑAS AICANAY,0,0,0,0,08/06/2015,San Rafael,Hospedaje,LAS PAREDES
207,HOSTEL ADOLFO CALLE,0,0,0,0,02/02/2012,Guaymallen,Hospedaje,DORREGO
208,PACARI TAMPU,10,0,50,10,11/12/1998,Las Heras,Hospedaje,EL CHALLAO
209,UNIVERSAL,0,0,0,0,02/12/1998,Capital,Hotel,CIUDAD
211,AMANECER,13,0,38,7,05/12/2005,Malargue,Cabañas,CIUDAD
212,A.T.S.A.,0,0,0,0,03/12/1998,Las Heras,Camping,EL CHALLAO
213,EL CHALLAO,30,0,90,15,12/05/2002,Las Heras,Cabañas,EL CHALLAO
214,COMPLEJO TURISTICO ALFOMBRA MAGIKA,0,0,0,0,09/04/2016,Las Heras,Hospedaje,EL CHALLAO
215,A.P.E.R.B.U.C.I.,0,0,0,0,06/10/2002,Guaymallen,Camping,BERMEJO
216,CARMEN,0,0,0,0,08/01/2000,San Rafael,Camping,RAMA CAIDA
217,BARI,0,0,0,0,11/06/2000,Guaymallen,Hotel,SAN JOSE
220,ALLAVUN,0,0,20,4,12/11/1999,Malargue,Cabañas,CIUDAD USPALLATA
221,LA POSADA DEL VALLE,0,0,0,0,26/09/2000,Las Heras,Hospedaje,USPALLATA
222,CABAÑAS SUMAMPA,10,0,32,5,22/01/1999,Lujan,Cabañas,CACHEUTA
223,SOLITUDINE,0,0,0,0,22/01/1999,Lujan,Cabañas,LAS COMPUERTAS
224,CABAÑAS ANDINAS,20,0,70,10,02/11/2001,Lujan,Cabañas,POTRERILLOS
225,CLUB DE PESCA DEPORTIVOS GRAL. SAN MARTIN,0,0,0,0,05/02/2003,Lujan,Camping,EL CARRIZAL
226,VALLES DEL PLATA,0,0,0,0,15/07/1997,Lujan,Centro de Esquí,POTRERILLOS
227,SIETE SURCOS,0,0,0,0,08/10/2013,San Rafael,Hospedaje,CUADRO BENEGAS
228,VILLA LORETO,0,0,0,0,17/02/2005,Tunuyan,Hospedaje,MANZANO HISTORICO
229,COCO,0,0,0,0,10/05/1999,Lujan,Cabañas,COLONIA SUIZA
230,CIUDAD,0,0,0,0,06/12/2010,San Rafael,Hotel,CIUDAD
231,RIVADAVIA HOTEL,0,0,0,0,22/07/1999,Rivadavia,Hospedaje,CIUDAD
232,GRAN HOTEL MENDOZA,80,0,200,0,31/05/1999,Capital,Hotel,CIUDAD
234,LOS ARREBOLES,5,0,25,5,10/10/2001,Lujan,Cabañas,POTRERILLOS
236,BARCELONA,0,0,0,0,17/10/19996,Gral. Alvear,Hospedaje,CIUDAD
237,PUESTA DEL SOL,0,0,0,0,10/05/1999,San Rafael,Hospedaje,CIUDAD
238,EL REFUGIO,0,0,0,0,02/11/2004,San Rafael,Hospedaje,RAMA CAIDA
239,VILLA ROSEN GARTEN,0,0,0,0,10/05/2002,San Carlos,Camping,CIUDAD
240,PUERTO CARRIZAL,0,0,0,0,07/03/2000,Lujan,Colonia de Vacaciones,EL CARRIZAL
241,RUCA SKI,0,0,0,0,06/05/2000,Gral. Alvear,Apart-Hotel,CIUDAD
244,NITRA II,28,0,120,0,26/07/1922,San Rafael,Apart-Hotel,RAMA CAIDA
247,SAN ALBERTO,0,0,0,0,02/02/2004,Las Heras,Hospedaje,USPALLATA
249,BAYARRI ,0,0,0,0,01/12/2000,Rivadavia,Hospedaje Vivienda de Alquiler,CIUDAD
250,EL PLATA,0,0,0,0,12/05/2000,Lujan,Cabañas,POTRERILLOS
252,MILITAR GRAL. SAN MARTIN,0,0,0,0,12/12/2003,Las Heras,Hospedaje,PUENTE DEL INCA
253,EL CORTIJO DEL TORREON,0,0,0,0,25/01/2002,Lujan,Cabañas,POTRERILLOS
254,TUNKELÉN,16,0,71,0,08/11/2001,Capital,Apart-Hotel,CIUDAD
255,AVENIDA,29,0,85,0,15/12/2000,Gral. Alvear,Hotel,CIUDAD
256,FAMILY INN,0,0,0,0,05/01/2000,San Rafael,Hotel,LAS PAREDES
257,PUENTE DEL INCA,0,0,0,0,21/03/2000,Las Heras,Hostería,PUENTE DEL INCA
258,MOLINA,0,0,0,0,18/11/2003,La Paz,Hospedaje,CIUDAD
260,EL MONTAÑES,0,15,30,0,17/02/2000,Lujan,Campamento,POTRERILLOS
261,ANDINO,0,0,0,0,14/09/2000,Capital,Apart-Hotel,CIUDAD
262,MICHU,0,0,0,0,24/04/2000,Lujan,Cabañas,POTRERILLOS
263,RISCO PLATEADO,0,0,0,0,28/12/2019,Malargue,Hospedaje,CIUDAD
264,MARIA DE MENDOZA,0,0,0,0,29/12/2000,Las Heras,Hospedaje,EL CHALLAO
265,MARIANI,0,0,0,0,29/12/2000,Guaymallen,Hospedaje,DORREGO
266,CABAÑAS 15 MARIAS,0,0,0,0,14/09/2000,San Rafael,Cabañas,CIUDAD
267,UVAS APART HOTEL,11,0,60,0,02/10/2018,Capital,Apart-Hotel,CIUDAD
268,MARIA FLORALES,0,0,0,0,09/03/2005,San Rafael,PAT (Propiedad Alquiler Temporario),CUADRO BENEGAS
269,VILLA CIRUELOS,4,0,12,0,10/08/2017,San Rafael,PAT (Propiedad Alquiler Temporario),LAS PAREDES
270,BERTA Y JORGE,0,0,0,0,28/12/2000,Las Heras,Cabañas,-
271,HATHOR HOTEL,0,0,0,0,18/05/2001,Guaymallen,Hotel,DORREGO
272,EL PORTAL SUITES,33,0,86,0,12/12/2001,Capital,Apart-Hotel,CIUDAD
273,ELENA,0,0,0,0,27/02/2001,San Rafael,Hospedaje,CIUDAD
274,KIAM-TE,0,0,0,0,04/09/2001,Las Heras,Colonia de Vacaciones,CACHEUTA
275,A.I.M.E.R. HOTEL,0,0,0,0,18/09/2002,Guaymallen,Hospedaje,JESUS NAZARENO
277,AGUAS CLARAS,0,0,0,0,06/03/2002,Las Heras,Cabañas,COLONIA SUIZA
278,LUGAR DEL SOL,0,0,0,0,04/09/2008,Las Heras,Hospedaje,USPALLATA
279,CLUB EL PELICANO,0,0,0,0,11/07/2002,Rivadavia,Camping,EL CARRIZAL
280,BORRAVINO,0,0,0,0,21/03/2005,Lujan,Hotel,CHACRAS DE CORIA
282,VERDE OLIVA,0,0,0,0,29/06/2011,Maipu,Hospedaje,COQUIMBITO
283,CLUB NAUTICA Y PESCA LOS REYUNOS,0,0,0,0,07/02/2011,San Rafael,Hospedaje,LOS REYUNOS
285,SAVIGLIANO,0,0,0,0,31/08/1999,Capital,Hostel,CIUDAD
286,INTI-CO,0,0,0,0,18/11/2002,San Rafael,Cabañas,LOS REYUNOS
287,ALCOR HOTEL,50,0,100,0,19/11/2002,Capital,Hotel,CIUDAD
288,TERRAZAS APARTMENTS,0,0,0,0,02/11/2002,San Rafael,Apart-Hotel,CIUDAD
289,AMCIRSE,0,0,0,0,05/12/2002,Capital,Camping,CIUDAD
290,DAM SIRE,8,0,16,0,20/09/2002,Guaymallen,Hospedaje,SAN JOSE
291,CABAÑA EL CAPRICHO,0,0,0,2,08/07/2020,Lujan,PAT (Propiedad Alquiler Temporario),POTRERILLOS
292,REFUGIO DE JUAN,13,0,56,0,05/07/1999,Malargue,Refugio,CIUDAD
294,NH CORDILLERA,105,0,216,0,21/03/2003,Capital,Hotel,CIUDAD
296,VIÑAS DE VIEYTES,0,15,30,0,22/01/2003,Maipu,Camping,CRUZ DE PIEDRA
297,TIERRASOLES HOSTEL,0,0,0,0,27/01/2003,San Rafael,Hostel,CIUDAD
298,LA POSTA DE SAN CARLOS,0,0,0,0,28/01/2003,San Carlos,Hostería,EUGENIO BUSTOS
299,MI CASA,0,0,0,0,29/01/2003,Las Heras,Hospedaje,USPALLATA
302,CONDOR SUITES,0,0,0,0,31/05/2005,Capital,Apart-Hotel,CIUDAD
304,COMPLEJO VILLA HERMOSA,10,0,20,6,07/02/2011,San Rafael,Cabañas,RAMA CAIDA
305,DE PALACIOS,0,0,0,0,28/01/2003,Las Heras,Cabañas,USPALLATA
307,SUCOT,0,0,0,0,01/07/2008,Lujan,PAT (Propiedad Alquiler Temporario),POTRERILLOS
308,MERCOSUR,10,0,30,0,02/12/2004,Guaymallen,Hotel,SAN JOSE
309,XUMEC,0,0,0,0,02/04/2005,Capital,Apart-Hotel,CIUDAD
311,CERRO ENCANTADO,0,0,0,0,05/05/2005,San Rafael,Cabañas,VALLE GRANDE
312,AITUE,0,0,0,0,02/04/2003,San Rafael,Camping,EL NIHUIL
313,COMPLEJO TURISTICO MILLARAY,0,0,0,0,12/01/2011,San Carlos,Camping,LA CONSULTA
314,EL LEGADO CABAÑAS DE MONTAÑA,0,0,0,0,06/06/2013,Malargue,Cabañas,LOS MOLLES
315,CALIGUE,10,0,26,5,06/05/2003,Malargue,Cabañas,CIUDAD
316,ALTO DEL VALLE,0,0,0,0,06/12/2012,San Rafael,PAT (Propiedad Alquiler Temporario),RAMA CAIDA
317,LA POSTA DEL CHOLO,1,0,60,8,06/10/2003,San Rafael,Cabañas,VALLE GRANDE
318,FINCA RICHMOND,0,0,0,0,10/05/2017,San Rafael,Hospedaje,CUADRO BENEGAS
319,CASINO DE OFICIALES GUAR. MZA.,0,0,0,0,13/06/2003,Capital,Hotel,CIUDAD
320,CABAÑAS SUIZA,4,0,16,0,24/06/2003,Lujan,Hospedaje,COLONIA SUIZA
321,MIS JORGELINAS,2,0,12,0,26/06/2003,Lujan,Cabañas,POTRERILLOS
322,EL CHAÑAR DE SAN RAFAEL,6,0,20,0,02/07/2003,San Rafael,Cabañas,CUADRO BENEGAS
323,CHIMBAS,8,0,16,0,04/04/2006,Guaymallen,Hostel,DORREGO
324,RANCHOS DE ENCALADA,4,0,16,0,25/04/2014,Lujan,Hospedaje,BLANCO ENCALADA
325,CORDÓN DEL PLATA,75,0,180,0,07/07/2003,Capital,Hotel,CIUDAD
326,LAS POTRANCAS,0,0,0,0,14/05/2019,Gral. Alvear,PAT (Propiedad Alquiler Temporario),LA MARZOLINA
328,REFUGIO PENITENTES,6,0,28,0,28/07/2003,Las Heras,Hospedaje,LOS PENITENTES
330,LUZ Y FUERZA,0,0,0,0,28/08/2003,Guaymallen,Camping,BERMEJO
331,ANTIGUA RESIDENCIA,6,0,40,0,17/01/2014,Maipu,Hospedaje,COQUIMBITO
332,LOS TRONCOS,15,0,60,0,28/02/2003,San Rafael,Cabañas,CIUDAD
333,MALARGÜE INN & SUITES,80,0,150,0,07/04/2004,Malargue,Hotel,CIUDAD
334,TIERRA MORA,17,0,34,0,11/04/2007,San Rafael,Hospedaje,CIUDAD
335,PIRE,0,0,0,0,30/09/2003,Malargue,Refugio,LOS MOLLES
336,HOSTEL INTERNACIONAL MENDOZA,,0,,0,12/03/2024,Capital,Hospedaje,CIUDAD
337,CHALET DE BASSI,5,0,15,0,24/10/2003,Godoy Cruz,Hospedaje,BENEGAS
338,MON PETIT,4,0,16,0,23/10/2003,Capital,Hospedaje,CIUDAD
340,VISTA FLORES,2,0,10,0,23/03/2021,Tunuyan,Hospedaje,VISTA FLORES
342,LA POSADA DEL ÁNGEL,3,0,12,0,14/05/2019,San Rafael,Cabañas,RAMA CAÍDA
343,ENTRE ACEQUIAS,3,0,14,0,23/04/2019,Gral. Alvear,Cabañas,LOS COMPARTOS
344,ROCAS AMARILLAS,8,0,20,0,20/01/2004,San Rafael,Hospedaje,VALLE GRANDE
345,CABAÑAS ALDO,2,0,11,0,08/02/2011,San Rafael,PAT (Propiedad Alquiler Temporario),LAS PAREDES
346,PUEBLO DEL RÍO,7,0,40,0,30/01/2004,Lujan,Cabañas,POTRERILLOS
347,FUENTE MAYOR HOTEL & RESORT,52,0,104,0,28/09/2011,Tunuyan,Hotel,VISTA FLORES
348,CAMPING DON RAMÓN,0,0,0,0,05/01/2011,Tunuyan,Camping,MANZANO HISTÓRICO
349,NG,0,0,0,0,11/04/2019,Guaymallen,Hospedaje,SAN JOSÉ
350,ALTA MENDOZA,10,0,30,0,24/11/2017,Capital,Hospedaje,CIUDAD
354,GRAN HOTEL POTRERILLOS,34,0,75,0,08/04/2016,Lujan,Hotel,POTRERILLOS
355,DON VENANCIO,0,0,0,0,15/03/2004,Tunuyan,Campamento,CAMINO AL MANZANO
356,ARGENTINO,46,0,100,0,18/04/2004,Capital,Hotel,CIUDAD
357,HOSTAL NAHUEL,8,0,32,0,01/08/2011,San Rafael,Hospedaje,CIUDAD
358,QUINTA RUFINO,6,0,18,0,20/09/2019,Capital,Hospedaje,CIUDAD
359,EL DORADO,150,0,0,0,04/10/2011,Rivadavia,Hospedaje,LA REDUCCIÓN
360,INTI WAYRA,0,0,0,0,31/05/2004,San Rafael,Camping,VALLE GRANDE
361,PASOS ANDINOS,3,0,12,0,17/08/2011,San Carlos,PAT (Propiedad Alquiler Temporario),EUGENIO BUSTOS
362,ALGODÓN WINE ESTATES,8,0,20,0,05/07/2013,San Rafael,Hospedaje,CUADRO BENEGAS
363,SESMA,15,0,70,0,07/06/2004,San Rafael,Apart-Hotel,CUADRO NACIONAL
364,TERMINAL,0,0,0,0,01/01/1986,Guaymallen,Hospedaje,SAN JOSÉ
365,EL DIQUE,20,0,80,0,12/07/2004,Malargue,Camping,DIQUE BLAS BRISOLI
368,PATIOS DEL MEDITERRÁNEO,17,0,65,0,10/08/2004,San Rafael,Apart-Hotel,CIUDAD
369,CASA HUESPED,4,0,9,0,20/01/2016,Godoy Cruz,Hospedaje,CIUDAD
370,CABAÑAS DE LA GRANJA,4,0,6,0,31/03/2021,Malargue,Cabañas,CIUDAD
372,ÁLAMO,13,0,38,0,22/02/2005,Capital,Hostel,CIUDAD
373,LA POSADA DEL MONJE,7,0,14,0,25/02/2005,San Carlos,Hospedaje,CIUDAD
374,SEU SEK,1,0,8,0,15/03/2005,Malargue,Hospedaje,CIUDAD
375,VALLE NEVADO,4,0,12,2,07/07/2020,Malargue,Hospedaje,LOS MOLLES
376,CABAÑAS LA ILUSIÓN,0,0,0,0,12/02/2019,Tunuyan,Hospedaje,MANZANO HISTÓRICO
377,TERRALTA,8,0,44,0,05/05/2005,Lujan,Cabañas,BLANCO ENCALADA
378,VILLA DEL SOL,10,0,35,10,07/06/2005,Gral. Alvear,Cabañas,CIUDAD
379,ESTANCIA LOS MORROS,2,0,6,0,07/06/2005,Malargue,Hospedaje,CIUDAD
380,EYE HUTU (CASA DEL ÁRBOL),5,0,31,0,22/10/2008,Lujan,PAT (Propiedad Alquiler Temporario),CIUDAD
382,LAS ESCONDIDAS,0,0,27,6,06/12/2013,San Rafael,Cabañas,VALLE GRANDE
383,RINCÓN SUR,7,0,42,0,01/07/2005,Malargue,PAT (Propiedad Alquiler Temporario),CIUDAD
384,OASIS DEL SOL,0,0,0,0,05/07/2005,San Rafael,Hospedaje,VILLA 25 DE MAYO
385,COMPLEJO TURÍSTICO CIPOLLETTI,0,0,0,0,12/02/2009,Lujan,Hospedaje,DIQUE CIPOLLETTI
386,UMBRAL DEL ACONCAGUA,23,0,80,0,09/01/2019,Capital,Apart-Hotel,CIUDAD
387,LOS NIETOS,5,0,30,0,31/08/2005,San Rafael,Cabañas,CIUDAD
388,VILLA VICTORIA WINE LODGE,5,0,10,0,19/09/2011,Maipu,Hospedaje,COQUIMBITO
389,LARES DE CHACRAS,11,0,25,0,16/09/2005,Lujan,PAT (Propiedad Alquiler Temporario),CHACRAS DE CORIA
390,POSADA SALENTEIN,8,0,20,0,28/09/2005,Tunuyan,Hostería Rural,LOS ÁRBOLES
391,POSTALES DEL PLATA,0,0,0,0,03/10/2005,Tunuyan,Hostería,COLONIA LAS ROSAS
392,HOSTAL CAMINITO,26,0,26,0,07/10/2005,San Rafael,Hostel,CIUDAD
393,LA VINYET,1,0,6,0,09/04/2019,Gral. Alvear,Hospedaje,CIUDAD
394,TIEMPO ANDINO,12,0,48,0,07/12/2005,San Rafael,Apart-Hotel,CIUDAD
395,AUBERGE DU VIN,28,0,56,0,22/08/2017,Tupungato,Hospedaje,GUALTALLARY
396,PASAMBAY,20,0,40,0,16/12/2005,Rivadavia,Hotel,CIUDAD
397,HOME SUITES,12,0,37,0,01/08/2003,Capital,PAT (Propiedad Alquiler Temporario),CIUDAD
398,LUZ DEL AMANECER,2,0,14,0,27/09/2004,Lujan,Cabañas,LAS COMPUERTAS
399,TERRA NOSTRA,2,0,10,0,08/02/2012,Gral. Alvear,PAT (Propiedad Alquiler Temporario),EL JUNCALITO
400,ESTACIÓN MENDOZA,4,0,14,0,17/01/2006,Capital,Hostel,CIUDAD
401,LA ESCONDIDA,10,0,25,0,06/02/2006,Malargue,Hospedaje,CAÑADA COLORADA
402,COMPLEJO TURÍSTICO EL MANGRULLO,12,0,65,0,07/02/2011,San Rafael,Hospedaje,RAMA CAÍDA
403,LAO,22,0,22,0,10/02/2006,Capital,Hostel,CIUDAD
404,SOLAR DE GÜEMES,0,0,0,0,25/09/2021,Guaymallen,PAT (Propiedad Alquiler Temporario),GUAYMALLÉN
405,EDUARDO BENAROYA,12,0,24,0,17/10/2001,Capital,PAT (Propiedad Alquiler Temporario),CIUDAD
406,ARIES,100,0,270,0,17/11/1997,Malargue,Hotel,LAS LEÑAS
407,FINCA LA ENCANTADA,8,0,7,0,31/01/2014,San Rafael,Hospedaje,RAMA CAÍDA
408,FINCA LA RAQUEL,1,0,11,0,06/04/2006,San Rafael,PAT (Propiedad Alquiler Temporario),CUADRO NACIONAL
409,EMBASSI,0,0,0,0,17/10/2001,Capital,PAT (Propiedad Alquiler Temporario),CIUDAD
410,JORGE ORTÍZ BIALET,0,0,0,0,17/10/2001,Capital,PAT (Propiedad Alquiler Temporario),CIUDAD
411,SAN LORENZO APARTMENTS,30,0,90,0,17/10/2011,Capital,Apart-Hotel,CIUDAD
412,VECCHIA ROMA,44,0,90,0,26/10/2011,Capital,Hotel,CIUDAD
413,LOVELY HOME,0,0,0,0,17/10/2001,Capital,PAT (Propiedad Alquiler Temporario),CIUDAD
414,PATRICIA CELIA RAGUSA,0,0,0,0,30/01/2002,Lujan,PAT (Propiedad Alquiler Temporario),CHACRAS DE CORIA
416,TERRALTA CAMPING,6,0,22,0,22/02/2012,Lujan,Hospedaje,LAS COMPUERTAS
417,JOSEFINA MERCEDES MAZA,0,0,0,0,17/10/2001,Capital,PAT (Propiedad Alquiler Temporario),CIUDAD
418,CARLOS ALBERTO DÁVILA,0,0,0,0,17/10/2001,Capital,PAT (Propiedad Alquiler Temporario),CIUDAD
419,APARTAMENTOS MDZ,3,0,12,0,07/06/2018,Capital,Hospedaje,CIUDAD
420,FLORENCIO ETURA,0,0,0,0,17/10/2001,Lujan,PAT (Propiedad Alquiler Temporario),POTRERILLOS
421,AGUA DEL CORRAL,0,0,0,0,04/07/2019,Capital,Hospedaje,CIUDAD
422,CAVAS DEL MORO,0,0,25,0,17/10/2001,San Rafael,PAT (Propiedad Alquiler Temporario),RAMA CAÍDA
423,EDICIONES CULTURALES,0,0,0,0,17/10/2001,Malargue,Vivienda de Uso Turístico,CIUDAD
424,BOSQUE DEL SOL,2,0,8,2,13/03/2014,Malargue,PAT (Propiedad Alquiler Temporario),CIUDAD
425,IDA ELISA GAÍDO DE MARCHESINI,0,0,0,0,17/10/2001,Capital,PAT (Propiedad Alquiler Temporario),CIUDAD
426,CABAÑAS DEL LAGO,0,0,0,0,07/10/2002,San Rafael,Cabañas,LOS REYUNOS
427,MIGUEL RAFAEL CARRIÓ,0,0,0,0,17/10/2001,San Rafael,PAT (Propiedad Alquiler Temporario),CIUDAD
428,BALLPARAÍSO,0,0,0,0,20/11/2007,Tunuyan,Hospedaje,TUNUYÁN
429,CASA DEL ANCLA,0,0,0,0,14/08/2002,San Rafael,PAT (Propiedad Alquiler Temporario),EL NIHUIL
430,HOTEL LAERTE,20,0,56,0,21/01/2014,Capital,Hospedaje,CIUDAD
432,ADRIANA SILVIA GONZÁLEZ,0,0,0,0,06/02/2001,Capital,PAT (Propiedad Alquiler Temporario),CIUDAD
433,MARÍA ELENA POLIMENI DE CINTA,0,0,0,0,06/11/2001,Lujan,PAT (Propiedad Alquiler Temporario),POTRERILLOS
435,INNOVA S.R.L.,0,0,0,0,19/10/2001,Capital,PAT (Propiedad Alquiler Temporario),CIUDAD
436,DON VICTORIO,0,0,0,0,19/10/2001,Guaymallen,PAT (Propiedad Alquiler Temporario),CIUDAD
437,WINE APARTS,8,0,33,0,04/07/2013,Capital,Hospedaje,CIUDAD
439,DEPARTAMENTOS RÍOS,0,0,0,0,19/10/2001,San Rafael,PAT (Propiedad Alquiler Temporario),CIUDAD
440,CAMILO,4,0,20,3,03/12/2008,San Carlos,Hospedaje,LA CONSULTA
441,CASAS DE CAMPO LA JOSEFINA,1,0,10,0,05/06/2013,San Rafael,Hospedaje,RAMA CAÍDA
442,DEPARTAMENTOS VILLA LUJÁN,16,0,60,0,19/10/2001,San Rafael,PAT (Propiedad Alquiler Temporario),CIUDAD
443,ADRIANA SILVIA GONZÁLEZ,0,0,0,0,12/11/2001,Capital,PAT (Propiedad Alquiler Temporario),CIUDAD
445,SOL DEL VALLE,0,0,0,0,22/11/2001,San Rafael,PAT (Propiedad Alquiler Temporario),LAS PAREDES
446,CASA DE CAMPO VISTALBA,0,0,0,0,15/11/2001,Lujan,PAT (Propiedad Alquiler Temporario),VISTALBA
447,CASAS DE LA MONTAÑA,0,0,0,0,15/11/2001,Lujan,PAT (Propiedad Alquiler Temporario),POTRERILLOS
448,WALTER RICARDO ISOLER,0,0,0,0,28/11/2001,Lujan,PAT (Propiedad Alquiler Temporario),POTRERILLOS
449,EL EDÉN,0,0,0,0,03/12/2001,San Rafael,PAT (Propiedad Alquiler Temporario),LAS PAREDES
450,SUANGEL,12,0,38,6,08/01/2015,Malargue,Cabañas,CIUDAD
451,DARDO RUBÉN OCHOA,0,0,0,0,19/12/2001,San Rafael,PAT (Propiedad Alquiler Temporario),CIUDAD
452,MANLIO DE MARTIS,0,0,0,0,19/12/2001,Malargue,Vivienda de Uso Turístico,LAS LEÑAS
453,AL SOL MENDOZA,0,0,0,0,14/09/2001,Capital,PAT (Propiedad Alquiler Temporario),CIUDAD
454,PARK SUITES,53,0,180,0,15/01/2002,Capital,PAT (Propiedad Alquiler Temporario),CIUDAD
455,DON ANICETO,3,0,18,0,19/12/2017,Gral. Alvear,Hospedaje,EL JUNCALITO
456,QUINTA LOS OLIVOS,0,0,0,0,03/04/2002,Lujan,PAT (Propiedad Alquiler Temporario),VISTALBA
457,RUBÉN DARÍO MERIGGIO,0,0,0,0,15/04/2002,Lujan,PAT (Propiedad Alquiler Temporario),CHACRAS DE CORIA
458,HUMBERTO GIJÓN,6,0,25,0,15/04/2002,Guaymallen,PAT (Propiedad Alquiler Temporario),VILLA NUEVA
459,NENA,0,0,0,0,17/04/2002,San Rafael,PAT (Propiedad Alquiler Temporario),CIUDAD
460,LA SOÑADA,3,0,0,0,05/07/2013,Malargue,PAT (Propiedad Alquiler Temporario),FINCA 17
461,MARIO GÓMEZ,0,0,0,0,02/05/2002,Capital,PAT (Propiedad Alquiler Temporario),CIUDAD
462,EL ARCA DE NOE,3,0,18,0,21/01/2013,San Rafael,PAT (Propiedad Alquiler Temporario),RAMA CAÍDA
463,EL OLIVO,2,0,12,0,08/02/2006,San Rafael,PAT (Propiedad Alquiler Temporario),CIUDAD
464,BALVINO DÍAZ,0,0,0,0,10/06/2002,San Rafael,PAT (Propiedad Alquiler Temporario),CIUDAD
465,VIVIENDA DURÁN,0,0,0,0,03/08/2000,Capital,PAT (Propiedad Alquiler Temporario),CIUDAD
466,EXCLUSIVE CTRO. TUR. INTR.,0,0,0,0,27/11/2001,Maipu,PAT (Propiedad Alquiler Temporario),CIUDAD
467,JOSÉ RAMIRO ÁLVAREZ,0,0,0,0,13/09/2002,Capital,PAT (Propiedad Alquiler Temporario),CIUDAD
468,JUAN ARTURO GRANT,0,0,0,0,20/12/2002,San Rafael,PAT (Propiedad Alquiler Temporario),LAS PAREDES
469,HOTEL FINCA HERMITAGE,14,0,32,0,30/10/2013,Guaymallen,Hospedaje,SAN FRANCISCO DEL MONTE
470,NELLY DEL CARMEN MORENO,0,0,0,0,28/10/2002,San Rafael,PAT (Propiedad Alquiler Temporario),CIUDAD
471,BARRANCAS SUITES,0,0,0,0,22/03/2020,San Rafael,Lodge,VILLA 25 DE MAYO
472,CARU LEUFU,21,0,48,12,23/12/2002,San Rafael,PAT (Propiedad Alquiler Temporario),VALLE GRANDE
473,ROBERTO MONTÓN,0,0,0,0,07/01/2003,Lujan,PAT (Propiedad Alquiler Temporario),CARRODILLA
476,COLORINA,0,0,0,0,04/02/2003,San Rafael,PAT (Propiedad Alquiler Temporario),CIUDAD
477,SILVIO MERALAGNO,0,0,0,0,27/02/2003,Capital,PAT (Propiedad Alquiler Temporario),CIUDAD
478,CASONA RÍO MENDOZA,0,0,0,0,13/03/2003,Las Heras,PAT (Propiedad Alquiler Temporario),COLONIA SUIZA
479,KILÓMETRO 0,0,0,0,0,28/02/2003,San Rafael,PAT (Propiedad Alquiler Temporario),CIUDAD
480,BALCÓN DEL ATUEL,0,0,0,0,28/02/2003,San Rafael,PAT (Propiedad Alquiler Temporario),VALLE GRANDE
481,ARCO IRIS,3,0,15,0,31/01/2005,Malargue,Cabañas,CAÑADA COLORADA
482,CRIS-AL,0,0,0,0,04/02/2003,San Rafael,PAT (Propiedad Alquiler Temporario),CIUDAD
483,APART N°102,0,0,0,0,24/03/2003,San Rafael,PAT (Propiedad Alquiler Temporario),CIUDAD
484,CLAUDIA MARÍA MATHIEU,0,0,0,0,24/03/2003,Las Heras,Hospedaje,CIUDAD
485,APARTAMENTOS MILENIUM,0,0,0,0,03/12/2001,San Rafael,PAT (Propiedad Alquiler Temporario),CIUDAD
486,FINCA ADALGISA,11,0,22,0,30/08/2004,Lujan,Lodge,CHACRAS DE CORIA
487,RUCAFEL,0,0,0,0,11/07/2003,Capital,PAT (Propiedad Alquiler Temporario),CIUDAD
488,RUCAFEL,0,0,0,0,10/07/2003,Capital,Hospedaje,CIUDAD
490,PORTAL DEL SOL,0,0,0,0,03/08/2017,Capital,PAT (Propiedad Alquiler Temporario),CIUDAD
491,CAROLINA LLORCA,0,0,0,0,06/07/2004,Capital,Hospedaje,CIUDAD
492,VÍCTOR HUGO NIETO,0,0,0,0,29/07/2003,San Rafael,PAT (Propiedad Alquiler Temporario),CIUDAD
493,CABAÑAS EL VALLE,0,0,0,0,06/08/2003,San Rafael,PAT (Propiedad Alquiler Temporario),CIUDAD
494,OSCAR RICO,0,0,0,0,22/09/2003,Capital,PAT (Propiedad Alquiler Temporario),CIUDAD
495,DULCE ESTAR,6,0,36,0,11/11/2003,San Rafael,PAT (Propiedad Alquiler Temporario),CIUDAD
496,SOLAR MAITÉN,10,0,20,0,09/12/2003,San Rafael,Apart-Hotel,CIUDAD
497,MALLORCA,0,0,0,0,25/11/2003,San Rafael,PAT (Propiedad Alquiler Temporario),CIUDAD
498,CASA DEL TURISTA,0,0,0,0,03/12/2003,San Rafael,PAT (Propiedad Alquiler Temporario),CIUDAD
499,DEPARTAMENTO SOL Y PAZ,0,0,0,0,12/12/2003,San Rafael,PAT (Propiedad Alquiler Temporario),CIUDAD
500,OLIVOS Y RÉTAMOS,0,0,0,0,20/01/2004,San Rafael,Hospedaje,CIUDAD
502,VIRGINIA DEPARTAMENTOS,0,0,0,0,16/01/2004,San Rafael,PAT (Propiedad Alquiler Temporario),CIUDAD
503,SOLTIGUA APART,32,0,120,0,01/01/2009,Capital,Apart-Hotel,CIUDAD
504,DEP. DE JUAN Y OLGA MUÑOZ,3,0,10,0,22/01/2004,San Rafael,PAT (Propiedad Alquiler Temporario),CIUDAD
506,DEPARTAMENTOS NOELIA,0,0,0,0,06/04/2004,San Rafael,PAT (Propiedad Alquiler Temporario),CIUDAD
507,CASA FUERTE,1,0,10,0,28/02/2006,San Rafael,Hospedaje,VILLA 25 DE MAYO
508,DEPARTAMENTOS AVELLANEDA,0,0,0,0,26/02/2004,Capital,PAT (Propiedad Alquiler Temporario),CIUDAD
509,DEPARTAMENTOS AVELLANEDA,0,0,0,0,26/02/2004,Capital,PAT (Propiedad Alquiler Temporario),CIUDAD
510,DEPARTAMENTOS AVELLANEDA,0,0,0,0,26/02/2004,Capital,PAT (Propiedad Alquiler Temporario),CIUDAD
511,DEPARTAMENTOS AVELLANEDA,0,0,0,0,26/02/2004,Capital,PAT (Propiedad Alquiler Temporario),CIUDAD
512,LA CASONA DEL ENCUENTRO,0,0,0,0,15/09/2003,Tunuyan,PAT (Propiedad Alquiler Temporario),VISTA FLORES
513,HOTEL TUNUYÁN,18,0,48,0,24/10/2006,Tunuyan,Hospedaje,CIUDAD
514,LO DE LUIS,2,0,14,0,10/08/2004,San Rafael,PAT (Propiedad Alquiler Temporario),LAS PAREDES
516,CABAÑAS GERARDO,0,0,0,0,02/01/2020,Gral. Alvear,PAT (Propiedad Alquiler Temporario),LA MARZOLINA
518,MARÍA RITA JUAN,0,0,0,0,27/07/2015,Godoy Cruz,Hospedaje,CIUDAD
519,SUD STAR,1,0,5,0,18/05/2006,Guaymallen,Hospedaje,DORREGO
520,RADIO CLUB,0,0,0,0,28/04/2015,San Rafael,Hospedaje,VALLE GRANDE
522,LA CANDELARIA,5,0,30,0,12/11/2004,Las Heras,PAT (Propiedad Alquiler Temporario),EL CHALLAO
525,FIDEL ANTONIO TIZZA,1,0,4,0,24/11/2004,San Rafael,PAT (Propiedad Alquiler Temporario),CIUDAD
528,LA MAGDALENA,4,0,10,0,22/12/2004,Capital,Hospedaje,CIUDAD
529,LUZ DE PLATA,5,0,23,5,29/12/2004,Malargue,Vivienda de Uso Turístico,CIUDAD
530,GAS-MAR,3,0,15,0,03/01/2005,San Rafael,PAT (Propiedad Alquiler Temporario),CIUDAD
531,LAS TERTULIAS,2,0,6,0,18/08/2006,San Martin,Hospedaje,ALTO VERDE
532,AZARES DE MONTAÑA,0,0,0,0,09/03/2005,San Rafael,Hospedaje,CIUDAD
533,COMPLEJO ALTO PIRCAS,3,0,20,0,03/07/2020,Lujan,Hospedaje,LAS COMPUERTAS
536,LOMAS,0,0,0,0,11/05/2005,Lujan,PAT (Propiedad Alquiler Temporario),POTRERILLOS
537,EL ABRAZO,6,0,36,0,07/02/2011,San Rafael,Hospedaje,RAMA CAÍDA
538,JORGE JEREZ,0,0,0,0,05/07/2005,San Rafael,Hospedaje,CIUDAD
539,CASA GLEBINIAS,9,0,18,0,13/07/2005,Lujan,Hospedaje,CHACRAS DE CORIA
541,VIVIENDA DURÁN,0,0,0,0,03/08/2000,San Rafael,PAT (Propiedad Alquiler Temporario),CIUDAD
542,ALESDAY,5,0,20,0,22/07/2005,Gral. Alvear,Hospedaje,CIUDAD
543,LA VIÑUELA,8,0,19,4,03/08/2005,San Rafael,PAT (Propiedad Alquiler Temporario),CIUDAD
549,SOLARES DE MAIPÚ,16,0,48,0,09/09/2005,Maipu,Apart-Hotel,CIUDAD
550,EL PUESTO HOSTEL,2,0,10,0,05/10/2005,Lujan,Hostel,POTRERILLOS
551,ADAMO APART,2,0,8,0,07/10/2005,San Rafael,PAT (Propiedad Alquiler Temporario),CIUDAD
552,BACO,2,0,14,0,25/10/2005,San Rafael,PAT (Propiedad Alquiler Temporario),CUADRO BENEGAS
553,EL NEVADO,13,1,33,14,01/11/2005,Malargue,Apart-Hotel,CIUDAD
554,LAS MAGNOLIAS,3,0,12,0,14/11/2005,San Rafael,Hospedaje,CIUDAD
555,LAS 4 ESTACIONES,4,0,16,0,22/11/2005,San Rafael,PAT (Propiedad Alquiler Temporario),CIUDAD
556,LA CAUTIVA,1,0,12,0,28/05/2015,San Martin,Hospedaje,ALTO VERDE
557,DON RÓMULO,11,0,28,0,13/06/2008,Tupungato,Hostería,CIUDAD
558,FINCA LA PUEBLA,6,0,25,0,13/04/2011,San Carlos,Hospedaje Rural,LA CONSULTA
559,OSVALDO GÓMEZ,1,0,11,0,14/03/2006,San Rafael,Hospedaje,CIUDAD
560,VILLA NIÁGARA,0,0,0,0,25/02/2021,Lujan,PAT (Propiedad Alquiler Temporario),CHACRAS DE CORIA
561,SOL DE VISTALBA,2,0,6,0,22/11/2006,Lujan,PAT (Propiedad Alquiler Temporario),VISTALBA
563,INTI APART HOTEL,19,0,45,0,28/04/2006,Guaymallen,Apart-Hotel,DORREGO
565,PORTEZUELO DEL VIENTO,0,0,0,0,29/07/2015,Las Heras,Hostel,LAS CUEVAS
566,MURAS,9,0,45,0,07/07/2008,Guaymallen,PAT (Propiedad Alquiler Temporario),VILLA NUEVA
568,ANDESOL APART,4,0,20,0,12/06/2006,San Rafael,Hospedaje,CIUDAD
570,CABAÑAS VIÑA ALIWEN,2,0,12,0,30/05/2006,Lujan,Cabañas,VISTALBA
571,PALMANOBA,10,0,40,0,10/07/2006,Guaymallen,Hospedaje,SAN JOSÉ
574,VIRGO,106,0,207,0,28/08/2006,Malargue,Hotel,LAS LEÑAS
575,LOS ARRIEROS,4,0,13,0,20/04/2021,Malargue,Cabañas,CIUDAD
576,POSTALES HOTEL BOUTIQUE,11,0,25,0,09/08/2019,Tunuyan,Petit Hotel,COLONIA LAS ROSAS
577,RÍO MENDOZA,7,0,28,5,27/10/2006,Lujan,Cabañas,CACHEUTA
579,ACUARIO,40,0,111,0,12/10/2011,Malargue,Hotel,LAS LEÑAS
580,RINCÓN DE POTRERILLOS,5,0,28,0,26/12/2007,Lujan,Hospedaje,POTRERILLOS
581,TERRAZAS,6,0,12,0,06/11/2006,Lujan,Hostería Rural,PERDRIEL
583,LA FLOR DEL PAGO,13,0,35,0,03/11/2006,Lujan,Hospedaje,POTRERILLOS
584,FINCA ARCO IRIS,2,0,12,0,09/11/2006,San Carlos,Hotel,PAREDITAS
585,KILÓMETRO 0,0,0,0,0,23/10/2006,Capital,PAT (Propiedad Alquiler Temporario),CIUDAD
587,ALTEZZA,24,0,70,0,30/06/2006,Capital,Apart-Hotel,CIUDAD
589,MONTAÑAS AZULES,35,0,100,0,05/05/2006,Capital,Apart-Hotel,CIUDAD
590,AVELLANEDA RENT APART,4,0,16,0,14/12/2006,Capital,PAT (Propiedad Alquiler Temporario),CIUDAD
591,LAS ESPUELAS,2,0,12,0,10/01/2007,Lujan,PAT (Propiedad Alquiler Temporario),POTRERILLOS
592,SAVOIA,103,0,300,0,26/09/2016,Guaymallen,Hotel,EL BERMEJO
594,SAN RAFAEL GROUP,4,0,18,0,27/10/2008,San Rafael,Hospedaje,CIUDAD
597,NUEVO MUNDO,0,0,89,0,07/08/2006,San Rafael,Hotel,CIUDAD
598,HUELTEN CABAÑAS,8,0,26,5,23/02/2007,Malargue,Hospedaje Vivienda de Alquiler,CIUDAD
599,ALTA PAMPA,,0,,0,23/02/2007,Malargue,Cabañas,CIUDAD
600,POSTA PUEYRREDÓN,4,0,17,0,27/02/2007,Lujan,Hospedaje,CHACRAS DE CORIA
602,UNIVERSAL PARK,4,0,20,0,27/02/2007,San Rafael,Hospedaje,CIUDAD
603,ALTOS ANDINOS APARTMENTS,7,0,26,0,24/08/2007,Capital,PAT (Propiedad Alquiler Temporario),CIUDAD
604,HOTEL FRANCIA,12,0,30,0,16/08/2017,San Rafael,Hospedaje,CIUDAD
605,LA GERTRUDIS,0,0,0,0,27/10/2008,San Carlos,Hospedaje,LA CONSULTA
606,CABAÑAS LOS OLIVOS,12,0,35,7,15/03/2007,Gral. Alvear,PAT (Propiedad Alquiler Temporario),CIUDAD
607,TIERRA DE LUNA,2,0,12,0,07/02/2007,Lujan,Cabañas,POTRERILLOS
608,EXECUTIVE HOTELS,74,0,148,0,22/03/2007,Capital,Hotel,CIUDAD
609,CABAÑAS ENTRE EL ATUEL Y EL DIAMANTE,0,0,0,0,09/05/2013,San Rafael,Hospedaje,RAMA CAÍDA
610,AZUL DEPARTAMENTOS,4,0,20,0,10/04/2007,Capital,PAT (Propiedad Alquiler Temporario),CIUDAD
611,CABAÑAS MALBEC,2,0,10,0,11/04/2007,San Rafael,Hospedaje,LAS PAREDES
612,DAYVAR CLUB,12,0,35,0,11/08/2006,Tunuyan,Hospedaje,EL MANZANO
613,CHE PAOLO LAS VEGAS,2,0,12,0,18/05/2007,Lujan,Hospedaje,POTRERILLOS
614,URBANA CLASS HOTEL,46,0,110,0,12/06/2007,Capital,Hotel,CIUDAD
615,PESCARA 60,13,0,52,0,19/09/2018,Maipu,Apart-Hotel,CIUDAD
616,ARENA MAIPÚ RESORT - HOTEL ESPLENDOR,118,0,236,0,26/08/2011,Maipu,Hotel,CIUDAD
617,FINCA LA PENÚLTIMA,2,0,10,0,08/01/2019,San Rafael,PAT (Propiedad Alquiler Temporario),VILLA 25 DE MAYO
618,ROSA DE LOS ANDES,5,0,25,0,02/08/2007,San Carlos,Hospedaje,LA CONSULTA
619,DE LA CAVA,16,0,40,0,13/08/2007,San Martin,Hotel,CIUDAD
620,COMPLEJO LOS NOGALES,24,0,64,8,07/08/2007,Malargue,Cabañas,CIUDAD
621,CABAÑAS TALA,1,0,8,0,06/08/2007,San Rafael,Hospedaje,RAMA CAÍDA
622,LA QUEBRADA DEL SAUCE,13,0,26,10,04/11/2008,Las Heras,Cabañas,USPALLATA
623,ESCONDRIJO DEL PLATA,6,0,16,0,17/11/2015,Lujan,Hospedaje,POTRERILLOS
624,CABAÑAS LAS PALMERAS,4,0,24,0,15/11/2007,San Rafael,Cabañas,LAS PAREDES
625,MONTE COIRÓN,5,0,20,5,20/11/2008,Malargue,Cabañas,CIUDAD
626,FINCA EL DUENDE,2,0,10,0,14/01/2008,Las Heras,Hospedaje,USPALLATA
628,HOSTEL TROTAMUNDOS,40,0,12,0,30/01/2008,San Rafael,Hostel,CIUDAD
629,HOSTEL DE LOS ARTISTAS,4,0,24,0,04/10/2018,Capital,Hospedaje,CIUDAD
630,MAGGIO,25,0,55,0,31/03/2008,Malargue,Hotel,CIUDAD
632,CABAÑAS SAN JOSÉ,5,0,30,0,31/01/2008,San Rafael,Cabañas,CUADRO NACIONAL
633,MENDOZA INN,6,0,34,0,10/09/2010,Capital,Hospedaje,CIUDAD
634,RED WINE HOTEL,9,0,18,0,11/04/2008,San Rafael,Hospedaje,CIUDAD
635,LOS CIRUELOS,0,0,0,0,13/03/2018,Gral. Alvear,Hospedaje,CIUDAD
636,CASA SEPTEM,18,0,52,0,26/03/2021,Tupungato,Petit Hotel,CORDÓN DEL PLATA
637,HOSTEL ROGUPANI,5,0,26,0,29/06/2020,San Rafael,Hospedaje,CIUDAD
640,CABAÑAS EL ENCUENTRO,0,0,0,0,07/05/2008,Las Heras,Hospedaje,EL BORBOLLÓN
642,TERRAMARÍA,3,0,18,0,22/05/2008,Lujan,PAT (Propiedad Alquiler Temporario),POTRERILLOS
643,HOSTERÍA LA CLAVE,12,0,30,0,14/04/2011,San Rafael,Hospedaje,CIUDAD
644,CAMINOS DEL VINO APARTMENTS,3,0,20,0,06/03/2016,Guaymallen,Hospedaje,VILLA NUEVA
646,HOSTERÍA PENITENTES,17,0,65,0,18/06/2018,Las Heras,Hospedaje,LOS PENITENTES
647,RÍOS ANDINOS,10,0,20,0,01/01/2008,Malargue,Hospedaje,CIUDAD
648,DEPARTAMENTO MENDOZA,2,0,8,0,05/08/2008,Capital,PAT (Propiedad Alquiler Temporario),CIUDAD
649,SILVER CORD,1,0,4,0,04/08/2008,Lujan,Hospedaje,POTRERILLOS
650,VECCHIA TERRA APART HOTEL,27,0,102,0,04/08/2008,San Rafael,Hospedaje,CIUDAD
653,B. APART,6,0,14,0,22/08/2008,San Rafael,Hospedaje,CIUDAD
654,A. SANGIOVESE CLUB HOUSE,0,0,18,5,22/08/2008,San Rafael,Hospedaje,CUADRO NACIONAL
655,PARADISE APART SUITES,11,0,50,0,02/07/2008,Capital,PAT (Propiedad Alquiler Temporario),CIUDAD
657,CASONA RURAL LOS OLIVOS,1,0,8,0,01/07/2008,Maipu,Hospedaje,COQUIMBITO
659,LE TERRADA SUITES,4,0,8,0,03/10/2008,Lujan,Hostería,PERDRIEL
660,AMCIRSE,16,0,32,0,24/06/2005,Capital,Hotel,CIUDAD
661,HOSTEL PUERTAS DEL SOL,0,0,16,0,28/10/2009,Capital,Hostel,CIUDAD
662,D.M.C.,1,0,4,0,10/10/2008,Las Heras,Hospedaje,EL ZAPALLAR
663,VILLAGGIO HOTEL BOUTIQUE,26,0,52,0,09/10/2008,Capital,Hotel,CIUDAD
664,HOSTEL A,0,0,0,0,09/06/2009,Capital,Hostel,CIUDAD
665,CABAÑAS DAYNA,4,0,12,0,25/11/2008,San Rafael,Hospedaje,RAMA CAÍDA
667,LOS CAROLINOS LODGE,8,0,40,0,17/12/2008,San Rafael,PAT (Propiedad Alquiler Temporario),25 DE MAYO
668,SAVOY,0,0,0,0,20/05/2011,Capital,Hospedaje,CIUDAD
669,DE MARTIS TURISMO,0,0,0,0,02/02/2021,Malargue,PAT (Propiedad Alquiler Temporario),LAS LEÑAS 
670,TIERRA VIRGEN CABAÑAS ,0,0,0,0,09/01/2023,San Rafael,Cabañas,VILLA 25 DE MAYO 
672,SIENNA,17,0,50,0,26/12/2008,Capital,Hotel,CIUDAD 
673,CABAÑAS PUESTO DIAZ,8,0,0,0,08/01/2014,Lavalle,Hospedaje,COLONIA ITALIA 
675,AYELEN,35,0,120,0,15/09/2016,Las Heras,Hospedaje,LOS PENITENTES 
677,CABAÑAS YAKAIRA,0,0,45,0,20/01/2009,San Rafael,Cabañas,VALLE GRANDE 
678,APART HOTEL MALBEC,6,0,14,0,23/02/2009,Lujan,Apart-Hotel,CIUDAD 
679,HOSTEL MAGICO,0,0,0,0,09/05/2014,San Rafael,Hospedaje,CIUDAD 
680,SAN JOSE,10,0,22,0,14/04/2021,Gral. Alvear,Hospedaje,CIUDAD 
681,MOD HOTELS,84,0,200,0,04/03/2009,Capital,Hotel,CIUDAD 
682,DIPLOMATIC PARK SUITES HOTELES,175,0,390,0,04/03/2009,Capital,Hotel,CIUDAD 
683,POSADA CAVIERS BED & BREAKFAST,3,0,10,0,06/03/2009,Maipu,Bed & Breakfast,RUSSELL
684,SIMPLEMENTE MENDOZA,5,0,22,0,10/07/2013,Capital,Hostel,CIUDAD 
687,ATUEL CABAÑAS ,0,0,0,0,07/04/2009,San Rafael,Hospedaje,VALLE GRANDE 
688,LOS 4 HERMANOS ,5,0,19,0,13/04/2009,Malargue,Hospedaje,CIUDAD
689,CABAÑAS USPALLATA,9,0,54,0,27/05/2015,Las Heras,Hospedaje,USPALLATA 
690,RESIDENCIAL MOLINA,8,0,22,0,07/05/2009,La Paz,Hospedaje,VILLA NUEVA
691,PLAZA MILENIUM,20,0,60,0,11/05/2020,San Rafael,Apart-Hotel,CIUDAD 
693,ERMITAZH,0,0,0,0,16/08/2017,San Rafael,Hospedaje,VALLE GRANDE
694,COMPLEJO TURISTICO LA PRIMAVERA,7,0,37,0,03/07/2011,Tunuyan,Hospedaje,LA PRIMAVERA 
695,SARMIENTO,0,0,0,0,08/10/2018,Gral. Alvear,PAT (Propiedad Alquiler Temporario),CIUDAD
696,CUMBRES DEL MIRADOR,4,0,20,0,17/07/2009,Las Heras,Hospedaje,USPALLATA 
697,SERGIO BRITTOS,0,0,0,0,12/08/2009,Capital,Hospedaje,CIUDAD 
698,APART VITERES,0,0,0,0,19/08/2009,San Carlos,PAT (Propiedad Alquiler Temporario),EUGENIO BUSTOS
699,ABRIL HOTEL,22,0,52,0,20/08/2009,Capital,Hotel,CIUDAD 
700,WINERIES,3,0,18,0,20/08/2009,Maipu,Hospedaje,COQUIMBITO
701,ARCO IRIS,3,0,8,0,21/08/2009,San Rafael,Hospedaje,LAS PAREDES
702,ROMANO DEPARTAMENTOS,0,0,0,0,01/01/2009,Capital,PAT (Propiedad Alquiler Temporario),CIUDAD 
703,EL PARAISO PERDIDO,0,0,0,0,24/09/2009,Rivadavia,Hospedaje,EL CARRIZAL 
704,LA POSADA DEL JAMON,10,0,38,0,06/11/2009,Tunuyan,PAT (Propiedad Alquiler Temporario),VISTA FLORES
705,DAKAR,46,0,111,0,01/01/2009,Capital,Hotel,CIUDAD 
706,GALA,4,0,16,0,06/11/2009,Capital,PAT (Propiedad Alquiler Temporario),CIUDAD 
707,PARK SUITES,4,0,20,0,27/11/2009,Capital,Hospedaje,CIUDAD 
708,TUPUNGATO DIVINO,6,0,10,0,03/05/2013,Tupungato,Posada,GUALTALLARY
709,CANTORIA,25,0,33,0,03/05/2010,Gral. Alvear,Hospedaje,CIUDAD
711,MARANA-THA,11,6,25,6,17/06/2010,Malargue,Cabañas,CIUDAD 
712,AL SUR,7,0,40,0,22/06/2010,Malargue,Hospedaje,CIUDAD
713,HOSTERIA EL TURISTA,8,0,16,0,24/01/2020,San Rafael,Hospedaje,CIUDAD
714,CABAÑAS ALTO POTRERILLO,10,0,20,0,26/06/2010,Lujan,PAT (Propiedad Alquiler Temporario),POTRERILLOS
715,CAVIAHUE HOSTEL,5,0,20,0,03/07/2014,Capital,Hostel,CIUDAD
716,COMPLEJO TURISTICO MI SUEÑO,16,0,32,8,11/08/2011,San Rafael,PAT (Propiedad Alquiler Temporario),CIUDAD 
717,POSADA CACHEUTA,7,0,35,0,14/07/2010,Las Heras,Cabañas,CACHEUTA
718,SOL NACIENTE,2,0,12,0,26/03/2013,San Rafael,Hospedaje,CIUDAD 
720,FINCA GARCIARENA,0,0,0,0,20/10/2011,Lujan,Hospedaje,AGRELO
721,EL PINAR EN LA VENTANA,8,0,32,4,13/08/2010,Lujan,PAT (Propiedad Alquiler Temporario),POTRERILLOS
722,CAVAS WINE LODGE,17,0,36,0,12/08/2010,Lujan,Cabañas,AGRELO 
723,GAIA,5,0,10,3,04/04/2018,Malargue,Cabañas,CIUDAD 
724,MI LINDA CASITA,0,0,0,0,18/08/2010,San Martin,Hospedaje,ALTO VERDE
725,HILTON MENDOZA,252,0,504,0,23/08/2010,Guaymallen,Hotel,VILLA NUEVA 
727,15 MARIAS,0,0,0,0,03/01/2017,San Rafael,Hospedaje,CUADRO NACIONAL
728,CANTAROS DEL ACONCAGUA,6,0,20,0,26/03/2010,Lujan,Cabañas,BLANCO ENCALADA 
731,POSADA EL ENCUENTRO,10,0,33,0,23/11/2010,Lujan,Hostería,CHACRAS DE CORIA
732,ACACIAS DE LA VILLA,0,0,0,0,23/04/2019,San Rafael,PAT (Propiedad Alquiler Temporario),VILLA 25 DE MAYO
733,EL RINCON DE LA CARRETA,5,0,30,0,10/12/2012,San Carlos,Hospedaje,PAREDITAS 
734,POSADA DEL SOL,3,0,15,0,13/11/2010,Las Heras,PAT (Propiedad Alquiler Temporario),EL CHALLAO 
735,AGUILAS DE PIEDRA,5,0,25,0,30/12/2010,Las Heras,Hospedaje,CACHEUTA
737,TERRAZAS AL VALLE,0,0,0,0,06/05/2011,San Rafael,Cabañas,VALLE GRANDE
738,CASAS DEL LAGO,5,0,30,0,19/04/2011,San Rafael,Hospedaje,RAMA CAIDA
739,SHANTI HOSTEL,6,0,36,0,14/04/2011,San Rafael,Hostel,LAS PAREDES 
742,ENTRE CIELOS,16,0,32,0,26/06/2012,Lujan,Petit Hotel,VISTALBA 
743,LAS ACEQUIAS,0,0,0,0,10/07/2012,San Rafael,Hospedaje,RAMA CAIDA
744,CABAÑAS REINA DE LA PAZ,3,0,18,0,10/07/2012,San Rafael,Hospedaje,RAMA CAIDA
745,QUERENCIA LODGE LULUNTA,1,0,10,0,24/07/2012,Maipu,Hospedaje Rural,LULUNTA
746,COMPLEJO LOS PARRALES,4,0,12,0,24/07/2012,Gral. Alvear,Hospedaje Rural,EL DEVIO
747,CASA LILA,6,0,14,0,20/10/2016,Capital,Hospedaje,CIUDAD 
748,SAINT BERNARD,0,0,0,0,17/08/2012,San Rafael,Hospedaje,CUADRO NACIONAL
749,ESPEJO DEL RIO,3,0,18,0,28/08/2012,San Rafael,Hospedaje,RAMA CAIDA
755,RIO SOÑADO,5,0,24,0,04/10/2012,San Rafael,Hospedaje,VALLE GRANDE 
757,LA RINCONADA,6,0,28,0,22/05/2015,Lujan,Hospedaje,CACHEUTA
758,ROBLES DE BESARES,4,0,8,0,19/11/2012,Lujan,PAT (Propiedad Alquiler Temporario),CHACRAS DE CORIA
759,CABAÑAS PLAYA DEL RIO,0,0,0,0,28/11/2012,Las Heras,Hospedaje,SIERRAS DE ENCALADA
760,SUSY RENTAL,0,0,0,0,20/01/2020,Malargue,PAT (Propiedad Alquiler Temporario),CIUDAD 
762,NIHUIL HOTEL,0,0,0,0,01/02/2013,San Rafael,Hotel,EL NIHUIL
763,ALDEA AZUL,1,0,6,0,01/01/2022,Las Heras,Cabañas,COLONIA SUIZA
764,LUJAN DE CUYO B&B ,3,0,8,0,13/02/2013,Lujan,Hospedaje,CIUDAD 
765,VILLA MANSA,15,0,38,0,19/02/2013,Lujan,Hotel,LAS COMPUERTAS 
766,LA PICHONA,3,0,18,0,06/03/2013,Tunuyan,Hospedaje,AGUA AMARGA 
767,COMPLEJO AITUE,6,0,17,3,16/05/2017,Gral. Alvear,Hospedaje,EL JUNCALITO
768,CABAÑAS WALWALÜN,3,0,18,0,06/03/2013,Tunuyan,Hospedaje,EL TOTORAL
769,APART HOTEL PLAZA,0,0,0,0,05/03/2013,Tunuyan,Apart-Hotel,CIUDAD 
770,EL VIAJERO,10,0,32,0,08/04/2013,San Rafael,Hospedaje,CIUDAD 
772,CAMAU,1,0,6,0,30/04/2013,Maipu,Hospedaje,CIUDAD 
773,LA CASONA,5,0,22,0,06/05/2013,San Rafael,Hospedaje,CIUDAD 
774,COMPLEJO LA LECHUZA,3,0,10,0,14/05/2013,Lujan,Hospedaje,POTRERILLOS
775,CABAÑAS LOS RENUEVOS,2,0,8,0,14/05/2013,Malargue,PAT (Propiedad Alquiler Temporario),CIUDAD 
776,CLUB TAPIZ,11,0,22,0,22/05/2013,Maipu,Hospedaje,RUSSELL
777,SOL Y NIEVE,0,0,0,0,20/05/2013,Tunuyan,Hospedaje,MANZANO HISTORICO
778,VIEJO RINCON,5,0,28,0,20/05/2013,Tunuyan,Hospedaje,CIUDAD 
779,RESIDENCIAL DE OTO,5,0,17,0,29/11/2018,Godoy Cruz,Hospedaje,BENEGAS 
780,PLAZA PARADISO PETIT HOTEL,13,0,52,0,12/08/2013,Lujan,Hospedaje,CHACRAS DE CORIA 
781,CABAÑAS LOS NIYUS,5,0,22,0,13/08/2013,San Rafael,Hospedaje,RAMA CAIDA
782,COMPLEJO LA CAVA,4,0,20,0,30/08/2013,San Rafael,Hospedaje,EL TOLEADO 
783,ATAMISQUE,6,0,12,0,30/08/2013,Tupungato,Hostería,SAN JOSE 
784,RIO DIAMANTE,4,0,16,0,29/01/2014,San Rafael,Hospedaje,LAS PAREDES 
785,DALI,36,0,75,0,05/10/2005,San Rafael,Hotel,CIUDAD 
786,CABAÑAS PERDRIEL,6,0,16,0,30/01/2014,Lujan,Hospedaje,PERDRIEL
788,CABAÑAS EL LABRIEGO,2,0,12,0,27/02/2014,Malargue,PAT (Propiedad Alquiler Temporario),CIUDAD 
790,TIERRA DE LA VID Y EL OLIVO,2,0,6,2,18/03/2014,Maipu,PAT (Propiedad Alquiler Temporario),TRES ESQUINAS
791,EL TREBOL,0,0,0,0,21/03/2014,Lujan,Hospedaje,POTRERILLOS
792,RANQUIL LUNCAY,10,0,60,0,28/03/2014,Las Heras,Hospedaje,USPALLATA 
793,CABAÑAS SOLAIRE,2,0,10,0,31/03/2014,Lujan,Hospedaje,POTRERILLOS
794,EL MIRADOR,2,0,8,0,07/04/2014,Lujan,Hospedaje,POTRERILLOS
795,CABAÑAS MIRADOR AZUL,3,0,15,0,11/04/2014,Lujan,Hospedaje,POTRERILLOS
798,CABAÑAS DE LA COSTA,2,0,10,0,30/05/2014,Lujan,Hospedaje,LAS COMPUERTAS
800,LA FINCA,4,0,12,0,08/04/2014,San Rafael,Hospedaje,RAMA CAIDA 
801,CABAÑAS EL AUCA,5,0,20,0,23/04/2014,San Rafael,Hospedaje,VILLA 25 DE MAYO
802,SOLARES DE VIÑUELA,5,0,23,0,22/04/2014,San Rafael,Hospedaje,CIUDAD
803,LOS MOLLES,24,0,94,0,16/07/1995,Malargue,Hotel,LOS MOLLES
804,CABAÑAS TERRAZAS DEL LAGO,6,0,28,0,28/05/2014,Lujan,Hospedaje,LAS VEGAS
807,JYM AUTOMOTORES,0,0,0,0,11/06/2014,Gral. Alvear,Hospedaje,CIUDAD 
808,COCHI-LIHUE,9,0,48,0,26/06/2014,Tunuyan,Hospedaje,VISTA FLORES
809,ESTANCIA LA ALEJANDRA,4,0,8,0,04/07/2014,Tupungato,Hospedaje,LA CARRERA
810,LOS TRONCOS COMPLEJO TURISTICO,14,0,98,0,15/07/2014,Lujan,Hospedaje,LAS CARDITAS-POTRERILOS
811,CABAÑAS MIS NIETOS,0,0,0,0,24/07/2014,San Carlos,PAT (Propiedad Alquiler Temporario),LA CONSULTA 
812,LOS TRONCOS DEL ASALTO,0,0,0,0,11/08/2014,Lujan,Hospedaje,EL SALTO-LOS POTRERILLOS
814,FINCA LA AZUL CASA DE HUESPEDES,6,0,16,0,07/10/2014,Tupungato,Petit Hotel,CORDON DEL PLATA 
816,CHAGLASIAN WINE & SUITES,6,0,24,0,20/10/2014,San Rafael,Hospedaje,LAS PAREDES
817,CASA QUINTA LAS ROSAS,1,0,8,0,20/10/2014,San Rafael},Hospedaje,LA LLAVE NUEVA
818,NOMADES,7,0,20,0,24/10/2014,San Carlos,Hospedaje,EUGENIO BUSTOS
821, BODEGA BOUTIQUE,0,0,0,0,07/11/2014,San Rafael,Hospedaje,LAS PAREDES
823,CABAÑAS EL ISLEÑO,0,0,0,0,03/01/2019,San Rafael,Hospedaje,RAMA CAIDA
824,CABAÑAS LAS ROCAS,6,0,36,0,29/08/2014,San Rafael,Hospedaje,CIUDAD
826,LAS CHACRITAS,0,0,0,0,06/01/2015,Lujan,Campamento, POTRERILLOS
829,MARIA ANTONIA RODRIGUEZ,0,0,0,0,23/12/2014,San Rafael,Hospedaje,RAMA CAIDA
830,FRANCESCO,0,0,0,0,10/11/2016,San Rafael,Hospedaje,CIUDAD
831,CASITAS DE CAMPO SANTA LUCIA,2,0,5,0,12/12/2025,San Rafael,Hospedaje,RAMA CAIDA
832,VILLA CAMPESTRE,6,0,29,0,31/01/2015,Lujan,Hospedaje, POTRERILLOS
833,RUCA KUNA,2,0,10,0,12/12/2025,Lujan,Hospedaje,POTRERILLOS
835,XNOCCIO AVENTURA,2,0,10,0,12/02/2015,Las Heras,Hospedaje,SIERRAS DE ENCALADA
837,CAMPING VALLE GRANDE,0,0,0,0,20/02/2015,San Rafael,Camping,VALLE GRANDE
840,CHILL INN,9,0,30,0,06/03/2015,Capital,Hospedaje,CIUDAD
841,COMPLEJO CHARCAS,0,0,0,0,13/03/2015,Guaymallen,Hospedaje,VILLA NUEVA
842,CASA LA GALEANA,9,0,20,0,13/03/2015,Lujan,Hospedaje,CHACRAS DE CORIA
843,JAQUE MATE,9,0,48,0,17/03/2015,Capital,Hostel,CIUDAD 
845,CABAÑA VICTORIA,1,0,4,0,02/03/2015,San Rafael,Hospedaje,RAMA CAIDA 
848,ROSELL BOHER LODGE,7,0,16,0,06/09/2016,Lujan,Lodge,ALTO AGRELO 
849,CABAÑAS SOLEDAD,3,0,10,0,08/06/2015,Lujan,Hospedaje,POTRERILLOS
850,AMALAR CABAÑAS,0,0,0,0,11/06/2015,Malargue,Cabañas,CIUDAD 
851,AONIKENK,5,0,22,0,18/06/2015,San Rafael,Hospedaje,RAMA CAIDA 
852,POSADA LA OMA,10,0,16,0,03/05/2019,Tunuyan,Hospedaje,EL TOTOTAL
853,HOSTEL LAS LEÑAS,10,0,72,0,01/12/2015,Malargue,Hospedaje,LAS LEÑAS 
854,COMPLEJO LA FINCA,5,0,16,0,22/01/2016,San Rafael,Hospedaje,RAMA CAIDA 
857,LAGARES,0,0,28,0,28/10/2014,Capital,Hospedaje,CIUDAD
858,HOTEL LAVALLE,15,0,45,0,13/04/2016,Lavalle,Hotel,CIUDAD
859,TARDECITAS DEL ATUEL,3,0,13,0,18/04/2016,San Rafael,Cabañas,RAMA CAIDA
863,OTRO MUNDO,5,0,16,0,18/08/2021,Guaymallen,Hospedaje,DORREGO
864,CASA DE UCO,16,0,35,0,03/08/2016,Tunuyan,Petit Hotel, LOS CHACAYES
865,UVAS DE LA COLONIA,2,0,8,0,30/07/2016,Gral. Alvear,Hospedaje,OESTE
868,EL PUEBLO ESCONDIDO,6,0,33,0,02/12/2020,San Rafael,Hospedaje,RAMA CAIDA
870, SEGUNDO ROMA,7,0,21,0,03/11/2016,La Paz,Hospedaje,VILLA NUEVA
871,TERRAZAS DE ENCALADA,11,0,72,0,22/04/2017,Las Heras,Cabañas,SIERRAS DE ENCALADA
872,COMPLEJO BARRAQUERO,5,0,16,0,06/03/2017,Godoy Cruz,Hospedaje,CIUDAD
873, NERUDA,0,0,0,0,27/03/2017,Capital,Hospedaje,CIUDAD
874,TALU,7,0,18,0,29/03/2017,San Rafael,Hospedaje,CIUDAD
875,AZALEA,21,0,126,0,10/11/2017,San Rafael,Hospedaje,LAS PAREDES
876,COMO EN CASA,1,0,4,0,20/08/2021,San Rafael,PAT (Propiedad Alquiler Temporario),CIUDAD
877,NUEVA ERA,1,0,12,0,25/10/2019,San Carlos,PAT (Propiedad Alquiler Temporario),LA CONSULTA 
878,CABAÑAS VISTA MONTAÑA,3,0,6,0,29/11/2019,Lujan,Hospedaje,EL SALTO 
880,CABAÑAS EL REMANSO,0,0,0,0,13/07/2020,Tunuyan,Hospedaje,COLONIA LAS ROSAS
882,LOS CAHALECITOS,2,0,6,0,10/04/2019,San Rafael,Hospedaje,CIUDAD 
883,VILLA RINCON DEL SOL,0,0,0,0,16/07/2020,Lujan,Hospedaje,LAS VEGAS
884,CASA VERDE,0,0,0,0,20/07/2020,Lujan,Hospedaje,LAS VEGAS 
885,SAN JOSE DEL ATUEL,4,0,22,0,18/06/2020,San Rafael,Hospedaje,RAMA CAIDA 
888,QUINTA ANABTAWI,0,0,0,0,22/07/2022,Lujan,PAT (Propiedad Alquiler Temporario),VISTALBA
889,VIÑEDOS DORADOS,13,0,41,0,21/07/2020,Lujan,Hospedaje,CIUDAD 
891,JUANA BANANA,5,0,14,0,29/07/2020,Capital,Hospedaje,CIUDAD 
892,MORATTA,0,0,0,0,29/07/2020,Capital,Hospedaje,CIUDAD 
893,QUIJOTE,13,0,31,0,05/08/2020,Lujan,Hospedaje,CIUDAD 
894,ODELLA CASAS DE MONTAÑA,3,0,15,0,05/08/2020,Lujan,PAT (Propiedad Alquiler Temporario),VALLECITOS 
895,CABAÑAS CANGALLO,8,0,40,0,29/07/2020,San Rafael,Hospedaje,CIUDAD 
896,CABAÑAS KPRICCIO,2,0,11,0,07/08/2020,Lujan,Hospedaje,POTRERILLOS 
897,MONTAÑA MAGICA,0,0,0,0,17/08/2020,Lujan,Hospedaje,POTRERILLOS
898,LOS CHALECITOS,6,0,2,0,13/08/2020,San Rafael,Hospedaje,CIUDAD 
899,CASA GRANDE,0,0,0,0,21/06/2020,San Carlos,Hospedaje,PAREDITAS
900,CABAÑAS JADRANCA,0,0,0,0,25/08/2020,Lujan,Hospedaje,LAS COMPUERTAS
901,GR CABAÑAS DE MONTAÑA,4,0,17,0,27/08/2020,Malargue,Cabañas,LOS MOLLES 
902,CASA LOPEZ,1,0,23,0,30/08/2020,Lujan,Posada,CHACRAS DE CORIA
903,CASA PETRINI,11,0,28,0,09/09/2020,Tupungato,Cabañas,AGUA AMARGA
904,COMPLEJO LAS MARIAS,6,0,8,0,10/09/2020,Lujan,PAT (Propiedad Alquiler Temporario),CIUDAD
905,SAN RAFAEL GROUP,10,0,31,0,12/09/2020,San Rafael,Hospedaje,CIUDAD
906,PARRAS DEL ABUELO I,2,0,12,0,22/09/2020,Malargue,PAT (Propiedad Alquiler Temporario),CIUDAD
907,PARRAS DEL ABUELO II,2,0,12,0,22/09/2020,Malargue,PAT (Propiedad Alquiler Temporario),CIUDAD
908, MARTIN ZAPATA,6,0,40,0,26/09/2020,Capital,Hospedaje,CIUDAD
909,CAMINO AL VALLE,0,0,0,0,09/09/2020,San Rafael,Hospedaje,RAMA CAIDA
910,CABAÑAS MALARGUE STYLE,1,0,6,0,02/10/2020,Malargue,PAT (Propiedad Alquiler Temporario),CIUDAD
911,SUTER PETIT,10,0,20,0,30/07/2020,San Rafael,Hospedaje,EL TOLEDANO
913,CASARTERO ECO POSADA,4,0,12,0,18/06/2020,San Rafael,Glamping,CAÑADA SECA
916,AYRES DE CUYO,4,0,16,0,28/10/2020,San Rafael,Hospedaje,LAS PAREDES
917,NELUMBO PETIT,5,0,0,0,07/09/2020,San Rafael,Hospedaje,LAS PAREDES
918,FINCA DON JUAN,1,0,6,0,06/11/2020,Junin,PAT (Propiedad Alquiler Temporario),PIEDRA ALTA 
919,CABAÑA DEL ALTO TUPUNGATO,2,0,10,0,10/11/2020,Tupungato,Hospedaje,SAN JOSE
920,LUCY SOL,0,0,0,0,28/07/2020,San Rafael,PAT (Propiedad Alquiler Temporario),CIUDAD
921,CABAÑAS DEL PUENTES,3,0,20,0,24/10/2020,San Rafael,PAT (Propiedad Alquiler Temporario),CAPITAN MONTOYA
923,CABAÑAS EL VALLE,9,0,24,0,17/10/2011,Tunuyan,Hospedaje,VISTA FLORES
926,LA TRUCHA TRANQUI ,2,0,10,0,27/11/2020,Tunuyan,Apart-Hotel,LOS CHACAYES
928,RINCON AZUL,4,0,20,0,16/12/2020,San Rafael,Cabañas,RAMA CAIDA
929,CABAÑAS LOS PLATANOS,2,0,12,0,16/12/2020,Gral. Alvear,Hospedaje,CIUDAD
930,PINAR DEL SOL,4,0,19,0,17/12/2020,Gral. Alvear,Cabañas,EL DESVIO 
932,EL NEVADO,0,0,0,0,29/06/2020,Gral. Alvear,PAT (Propiedad Alquiler Temporario),CIUDAD
933,ALTOS LA VILLA,2,0,12,0,04/12/2020,San Rafael,PAT (Propiedad Alquiler Temporario),VILLA 25 DE MAYO 
934,MOLINO LA TEBAIDA,10,0,35,0,29/12/2020,San Martin,Hospedaje,CIUDAD 
937,AZALEA,21,0,123,0,30/11/2020,San Rafael,Hospedaje,CIUDAD
939,GUARDIA VIEJA,2,0,6,0,25/02/2021,Lujan,PAT (Propiedad Alquiler Temporario),VISTALBA
940,FORTUNATO,7,0,22,0,23/02/2021,Las Heras,Hospedaje,USPALLATA
943,IBIS HOTEL,83,0,166,0,16/06/2021,Guaymallen,Hotel,VILLA NUEVA 
944,CASA AGOSTINO,6,0,18,0,16/06/2021,Maipu,Lodge,BARRANCAS
946,AMUKAN,6,0,22,0,16/07/2021,San Rafael,Hostel,CIUDAD
947,BONITO,31,0,80,0,10/06/2021,San Rafael,Hospedaje,CIUDAD 
948,ECOMALARGUE,12,0,48,0,19/07/2021,Malargue,Hostel,COLONIA PEHUENCHE
949,3H DUPLEXS,0,0,0,0,05/08/2021,Malargue,Cabañas,CIUDAD 
950,REAL DEL PEHUENCHE,0,0,0,0,09/08/2021,Malargue,Hospedaje,CIUDAD 
951,FINCA OGAWA & FRIENDS,3,0,6,0,10/08/2021,Tunuyan,PAT (Propiedad Alquiler Temporario),LOS SAUCES 
953,CAMPOE,2,0,5,0,13/10/2020,Gral. Alvear,PAT (Propiedad Alquiler Temporario),CIUDAD
955,LOS LEONES,4,0,12,0,23/08/2021,Lujan,Hospedaje,LAS COMPUERTAS 
956,CASA NAOKI,4,0,10,0,27/08/2021,Lujan,Hospedaje,AGRELO
957,COIHUECO,0,0,0,0,08/09/2021,Malargue,PAT (Propiedad Alquiler Temporario),CIUDAD 
958,RINCON ATAMISQUE,6,0,12,0,09/05/2019,Tupungato,Hospedaje,SAN JOSE 
959,CABAÑAS EL ALGARROBO,1,0,6,0,27/09/2021,Gral. Alvear,PAT (Propiedad Alquiler Temporario),CIUDAD
960,CABAÑAS ALTOS DE LA BODEGA,10,0,45,0,29/09/2021,San Rafael,Cabañas,RAMA CAIDA 
963,CABAÑAS FRUTOS DELICIOSOS,6,0,27,0,24/11/2021,San Rafael,Cabañas,RAMA CAIDA 
964,WINDMILL,0,0,0,0,29/11/2021,Capital,Hospedaje,CIUDAD
967,CABAÑAS BELLA ALMA,3,0,20,0,29/12/2021,San Rafael,Hospedaje,CIUDAD 
968,HOTEL TERMAS LAHUEN-CO,29,0,120,0,26/01/2022,Malargue,Hotel,LOS MOLLES
970,ROYAL PRINCESS,111,0,231,0,24/02/2022,Capital,Hospedaje,CIUDAD 
971,LOS CASTAÑOS,0,0,12,0,24/02/2022,Malargue,Hospedaje,LAS LOICAS
972,PIAZZA SUITE,15,0,55,0,11/03/2022,Capital,Hospedaje,CIUDAD 
973,EL JARILLAL,1,0,8,0,21/05/2021,San Carlos,Hospedaje,LA CONSULTA 
974,AYRES DE UCO,7,0,24,0,23/03/2022,Tunuyan,Hospedaje,LOS CHACAYES-VILLA BASTIAS
975,HULI B &B,7,0,22,0,23/03/2022,Capital,Hospedaje,CIUDAD 
976,CABAÑAS ANDRES,2,0,4,3,29/03/2022,Malargue,Cabañas,CIUDAD
978,ESSENCIAL,40,0,120,0,18/04/2022,Capital,Hospedaje,CIUDAD
979,EL CASTAÑO,5,0,17,0,29/04/2022,Lujan,Hospedaje,EL SALTO
980,CABAÑAS FALAGIO,0,0,0,0,02/05/2022,San Rafael,Hospedaje,RAMA CAIDA
981,CHALET LOS TRONCOS,3,0,15,0,30/11/2021,San Rafael,PAT (Propiedad Alquiler Temporario),CIUDAD
982,CINCO SOLES,14,0,34,0,03/05/2022,Godoy Cruz,Hospedaje,CIUDAD
983,LA FINCA MULTIESPACIO,7,0,35,0,20/08/2021,San Rafael,Hospedaje Rural,CIUDAD
984,AVALENN CASA DE CAMPO,4,0,12,0,03/06/2022,Tunuyan,PAT (Propiedad Alquiler Temporario),COLONIA LAS ROSAS
985,FAMILY INN,24,0,45,0,18/04/2022,San Rafael,Hospedaje,LAS PAREDES 
986,EL AZUFRE,6,0,12,0,19/05/2022,Malargue,Glamping,RIO GRANDE
987,M HOTEL,60,0,140,0,06/06/2022,Capital,Hotel,CIUDAD
988,CABAÑAS AMANECER DE MONTAÑA,2,0,4,0,08/06/2022,Malargue,PAT (Propiedad Alquiler Temporario),CIUDAD
990,TERRA PATAGONIA,22,0,62,0,16/06/2022,Malargue,Hotel,CIUDAD
991,REFUGIO DEL SOL,0,0,0,0,27/06/2022,Malargue,PAT (Propiedad Alquiler Temporario),CIUDAD
992,SB WINEMAKERS HOUSE & SPA SUITES,7,0,14,0,30/06/2022,Lujan,Petit Hotel,CHACRAS DE CORIA
994,CABAÑAS 5° ESTACION,3,0,14,0,26/07/2022,Malargue,Cabañas,CIUDAD
995,SIN FIN HOSTEL,6,0,32,0,27/07/2022,Capital,Hospedaje,CIUDAD
996, CINCO CUMBRES,8,0,16,0,03/08/2022,Las Heras,Glamping,USPALLATA
997,BET-EL,3,0,14,0,27/12/2022,San Rafael,PAT (Propiedad Alquiler Temporario),RAMA CAIDA
998,ALPASION,0,0,0,0,01/01/2022,Tunuyan,Hospedaje,LOS CHACAYES
999, FINCA LA CELIA,0,0,0,0,01/01/2018,San Carlos,Hostería,EUGENIO BUSTOS
1001,CASA DE CAMPO FINCA LA SUPERIORA,3,0,7,0,08/09/2022,San Carlos,Hospedaje,LA CONSULTA
1002, CABAÑAS DEL SOL,15,0,47,0,08/09/2022,San Rafael,Cabañas,VALLE GRANDE
1003,GIMENEZ RIILI BODEGAS Y VIÑEDOS,7,0,16,0,20/05/2021,Tunuyan,Hospedaje,LOS SAUCES
1004,CABAÑAS LILI,8,0,9,0,23/09/2022,Malargue,Cabañas,CIUDAD
1005, MAPICSA,10,2,50,0,23/09/2022,Malargue,Hospedaje Rural, LAS LOICAS
1006,BOUQUET,7,0,14,0,22/08/2008,San Rafael,Hospedaje,CIUDAD
1007, HOTEL DE CIELOS,11,0,30,0,03/11/2022,Tupungato,Lodge,LA CARRERA
1008,KOSELIN,3,0,8,1,03/11/2022,Malargue,PAT (Propiedad Alquiler Temporario),CIUDAD
1009,EL CHAÑAR,0,0,0,0,28/11/2022,Lavalle,Camping,JOCOLI VIEJO
1010,ANAIA LODGE,6,0,12,0,06/12/2022,Lujan,Apart-Hotel,AGRELO
1011,PUNTO SUR,11,0,33,0,12/12/2022,Malargue,Hotel,CIUDAD
1013,RANQUIL-KO,0,0,0,0,29/12/2022,MALARGUE,Campamento,RIO GRANDE
1014,MUSEO POSADA BENELLI,5,0,10,0,08/08/2022,San Rafael,Hospedaje,SAN RAFAEL
1015,JUAN B.JUSTO,17,0,47,0,14/04/2021,Capital,Apart-Hotel,CIUDAD
1017,BUENAS TIERRAS CABAÑAS,0,0,52,10,11/01/2023,San Rafael,Cabañas,RAMA CAIDA
1020,CABAÑAS LA COSECHA,5,0,25,5,17/02/2023,San Rafael,PAT (Propiedad Alquiler Temporario),RAMA CAIDA 
1021,JOSE MANZUR,4,0,8,0,22/02/2023,Capital,PAT (Propiedad Alquiler Temporario),CIUDAD
1022,DEPARTAMENTOS LAFERTE,6,0,15,0,16/03/2023,Malargue,PAT (Propiedad Alquiler Temporario),MALARGUE 
1023,OZCAYNA,4,2,32,5,27/03/2023,Lavalle,Apart-Hotel,VILLA TULUMAYA
1025,MORITA MIA,15,4,40,9,13/04/2023,San Rafael,Cabañas,RAMA CAIDA
1026,LA SARITA,1,1,5,4,20/04/2023,San Carlos,Cabañas,LA CONSULTA
1027,EL LAGAR DE UCO,0,0,0,0,26/04/2023,San Carlos,PAT (Propiedad Alquiler Temporario),LA CONSULTA
1028,COMPLEJO TERRA,16,0,44,16,02/05/2023,Gral. Alvear,Hospedaje,GRAL. ALVEAR
1029,CORAZON MALBEC,7,0,24,0,09/05/2023,Guaymallen,Apart-Hotel,SAN JOSE
1031,LA MIA CASA,3,0,6,0,22/05/2023,Godoy Cruz,PAT (Propiedad Alquiler Temporario),GODOY CRUZ
1032,TERMAS DE CAJON GRANDE,5,0,18,0,24/05/2023,Malargue,Apart-Hotel,RIO GRANDE
1033,LOMAS DE MALBEC,30,15,60,15,31/05/2023,Capital,Apart-Hotel,CIUDAD
1034,HOTEL DALAI,34,0,96,0,07/06/2023,Guaymallen,Hotel,BERMEJO
1035,LA QUINTA FAMILY FLAT,3,0,5,0,09/06/2023,Capital,PAT (Propiedad Alquiler Temporario),CIUDAD
1036,EDIFICIO BOULEVARD,0,51,17,0,09/06/2023,San Rafael,PAT (Propiedad Alquiler Temporario),CIUDAD
1037,LAMADRID ESTATE WINE,0,4,2,0,13/06/2023,Lujan,Apart-Hotel,LAS COMPUERTAS
1038,GORILLA HOSTEL,10,0,60,0,21/06/2023,Capital,Hostel,CIUDAD
1039,EDIFICIO BOULEVARD II,15,0,30,0,01/12/2022,San Rafael,PAT (Propiedad Alquiler Temporario),CIUDAD
1040,GAIA LODGE,7,0,18,0,29/06/2023,Tupungato,Lodge,GUALTALLARY
1041,REFUGIO CLUB ANDINO PEHUENCHE,7,0,47,0,29/06/2023,Malargue,Refugio,LOS MOLLES
1042,DE PURA CEPA,1,0,4,0,07/07/2023,Guaymallen,Hospedaje Vivienda de Alquiler,SAN FRANCISCO DEL MONTE
1043,FUENTE MAYOR,51,0,106,0,17/07/1923,Guaymallen,Hotel,SAN JOSE
1045,LAS TINTAS BED Y BREAKFAST,5,0,12,0,21/07/2023,Capital,Apart-Hotel,CIUDAD
1047,LA VALTELLINA,5,0,12,5,26/07/2023,Malargue,PAT (Propiedad Alquiler Temporario),MALARGUE
1048,LA DIVINA PEREZA,8,0,46,0,12/07/2023,San Rafael,Cabañas,RAMA CAIDA
1049,PUEBLO ANDINO,8,0,21,5,18/07/2023,Malargue,Apart-Hotel,LOS MOLLES
1050,CABAÑAS DEL SUR Y PARRILLA DEL SUR,10,0,0,10,27/07/1923,San Rafael,Cabañas,SAN RAFAEL
1051,APART SALAS 38,9,0,25,0,02/08/2023,San Rafael,PAT (Propiedad Alquiler Temporario),SAN RAFAEL
1052,BLACK SHEEP,12,0,24,0,03/08/2023,Capital,Apart-Hotel,CIUDAD
1053,LOS MOLLES COMPLEJO,0,0,80,14,08/08/2023,Malargue,Cabañas,LOS MOLLES
1054,SAN IGNACIO ESTANCIA ANDINA,4,1,8,0,09/08/2023,Capital,Hostería,3 SECCION
1056,POSADA DE CAMPO PURA VIDA,7,0,55,5,17/10/2022,San Rafael,Posada,SAN RAFAEL
1057,POSADA NEWEN,2,0,6,0,11/09/2023,San Carlos,PAT (Propiedad Alquiler Temporario),LA CONSULTA 
1058,ENTRESOLES,10,0,20,7,22/09/2023,Las Heras,Hospedaje,SAN ALBERTO-USPALLATA
1060,TERRA CAMPO,8,0,20,0,25/09/2023,Lujan,Hospedaje,CHACRAS DE CORIA
1061,LA COMARCA,12,1,33,6,25/09/2023,Las Heras,Cabañas,USPALLATA
1062,CASA DE CAMPO SAVINA,5,0,15,1,25/09/2023,San Carlos,PAT (Propiedad Alquiler Temporario),EUGENIO BUSTOS
1063,CABAÑAS ISIDRIS,0,0,17,3,25/09/2023,Las Heras,Hospedaje,USPALLATA
1064,CABAÑAS DEL INCA,14,0,30,7,02/10/2023,Las Heras,Hospedaje,USPALLATA
1065,MIS NIETOS,0,0,0,0,03/10/2023,Malargue,PAT (Propiedad Alquiler Temporario),MALARGUE
1067,CABAÑAS DEL MONTAÑES,0,0,20,4,17/10/2023,Malargue,Hospedaje,MALARGUE
1068,CENTRAL,10,0,60,0,24/10/2023,Capital,Hospedaje,CAPITAL
1069,CABAÑAS SANTA TERESITA,6,0,40,0,26/09/1920,Lujan,Hospedaje,POTRERILLOS
1072,CENTER APART MENDOZA,0,43,10,0,29/11/2023,Capital,Apart-Hotel,CAPITAL
1073,NENGABELO,0,0,0,0,18/10/1922,Malargue,Hospedaje,COLONIA PEHUENCHE
1074,ABRAHAM COMPLEJO TURISTICO,13,1,45,0,30/11/2023,San Rafael,Apart-Hotel,SAN RAFAEL
1075,MASI TUPUNGATO,0,0,10,2,21/12/2023,Tupungato,Hospedaje,LA ARBOLEDA
1076,HUALTA HOTEL MENDOZA,67,0,0,0,28/12/2023,Capital,Hospedaje,CAPITAL
1077,KUYAY CABAÑAS,8,4,16,4,28/12/2023,San Rafael,Hospedaje,EL CERRITO
1078,VIENA,11,0,38,0,29/12/2023,Las Heras,Hospedaje,USPALLATA
1079,SANTA MATILDE,3,0,10,0,10/01/2024,Malargue,Hospedaje,MALARGUE
1080,VISTA ALMA,4,0,10,0,18/01/2024,Lujan,PAT (Propiedad Alquiler Temporario),VISTALBA
1082,LUNA DE PLATA,0,0,0,3,27/07/2020,Gral. Alvear,Cabañas,CIUDAD
1083,BRISAS DE MONTAÑA,8,0,16,4,30/01/2024,Lujan,Hospedaje,LAS COMPUERTAS
1084,"EL NIDO, DOMOS DE MONTAÑA",6,6,12,0,19/02/2024,Las Heras,Hospedaje,COSTA NORTE LAGO POTRERILLOS
1085,HOTEL DAKAR,9,0,20,0,27/02/2024,Capital,Hospedaje,CAPITAL
1086,CHOZOS RESORT,12,0,40,0,01/03/2024,Lujan,Lodge,AGRELO
1087,ACORDES DE GAITA,4,0,8,0,05/03/2024,Malargue,Hospedaje,MALARGUE
1088,DIVINA MONTAÑA,2,0,2,2,06/03/2024,Lujan,Hospedaje,BLANCO ENCALADA
1089,ESTANCIA LA LUZ,3,0,12,0,13/07/2022,Santa Rosa,Hospedaje Rural,LA DORMIDA
1090,LA CASONA,2,0,5,0,13/03/2024,Guaymallen,Hospedaje,SAN JOSE
1091,EL OLIVO,10,0,30,0,14/03/2024,Santa Rosa,Hospedaje,SANTA ROSA
1092,QUINTA PALMA,0,0,56,9,22/03/2024,Lujan,Hospedaje,PERDRIEL
1093,CAMPO CARI-LAUQUEN,4,0,12,0,14/03/2024,Malargue,Hospedaje,LLANCANELO
1096,URIBURO 45,2,0,11,2,19/04/2024,Malargue,PAT (Propiedad Alquiler Temporario),MALARGUE
1098,COSTA AZUL,0,0,0,6,03/05/2024,Junin,Hospedaje,JUNIN
1099,COMPLEJO CABAÑAS LAS ROSAS,6,0,13,3,06/05/2024,Malargue,Cabañas,MALARGUE
1101,EL NEVADO MALARGUE,14,1,40,14,12/04/2023,Malargue,Hotel,MALARGUE
1102,CABAÑAS CALDERON-COMPLEJO I,0,0,36,7,20/05/2024,San Rafael,Cabañas,SAN RAFAEL
1103,CABAÑAS CALDERON-COMPLEJO II,0,0,28,6,20/05/2024,San Rafael,Cabañas,LAS PAREDES
1104,DOMO LOS MOLLES,6,4,12,4,22/05/2024,Malargue,Hospedaje,LOS CORRALES
1105,DON PABLO POSADA RURAL,3,0,9,0,13/05/2024,Junin,Hospedaje,JUNIN
1106,HOSTEL SAMADI,0,27,6,0,23/05/2024,Las Heras,Hospedaje,USPALLATA
1107,FINCA SILVESTRE,5,0,25,0,25/06/2020,San Rafael,Hospedaje,SAN RAFAEL
1108,QUILIMBAI,0,0,0,5,28/05/2024,Malargue,PAT (Propiedad Alquiler Temporario),MALARGUE
1109,ALTO AMALAR PREMIUM,12,0,24,6,31/05/2024,Malargue,Cabañas,MALARGUE
1110,POSADA DE BUDA,5,1,13,2,05/06/2024,Malargue,PAT (Propiedad Alquiler Temporario),MALARGUE
1111,DEPARTAMENTOS EPUYEN,2,0,4,2,05/06/2024,Malargue,PAT (Propiedad Alquiler Temporario),MALARGUE
1112,HOTEL HUALUM,32,0,84,0,05/06/2024,Malargue,Hotel,LOS MOLLES 
1113,ALOJAMIENTO ALEM,1,1,4,1,12/03/2024,Gral. Alvear,PAT (Propiedad Alquiler Temporario),GRAL. ALVEAR
1114,ALTA MENDOZA,12,0,26,0,19/06/2024,Capital,Hospedaje,4A. SECCION
1115,CABAÑAS DEL CERRO,0,0,120,23,24/06/2024,San Rafael,Cabañas,RAMA CAIDA
1116,MORA HOSTEL,8,0,32,0,25/06/2024,Capital,Hospedaje,CIUDAD
1117,LAS TERMAS DE LOS MOLLES,0,26,11,0,28/06/2024,Malargue,Hospedaje,LOS MOLLES
1118,LOS COLIBRIES,5,0,17,3,02/07/2024,San Rafael,Hospedaje,VALLE GRANDE
1121,CABAÑAS LOS MOLLES,0,1,16,4,05/07/2024,Malargue,Hospedaje,LOS MOLLES
1122,LAS DOLINAS,5,0,10,3,08/07/2024,Malargue,Hospedaje,MALARGUE
1123,LUPULITO LODGE,0,4,8,4,11/07/2024,Lujan,Hospedaje,LAS COMPUERTAS
1124,OCEAN,19,0,38,0,15/07/2024,Guaymallen,Hospedaje,SAN JOSE
1126,HAKUMA MATATA APARTMENTS,4,0,16,4,22/07/2024,Malargue,Hospedaje,MALARGUE 
1128,LA MORADA LONGE,31,0,62,17,30/07/2024,Tunuyan,Hospedaje,LOS CHACAYES
1129,PUESTO DEL INDIO LODGE,27,0,73,0,31/07/2024,Las Heras,Hospedaje,EL CHALLAO
1130,CABAÑAS ELITA,6,0,20,4,19/03/2024,San Rafael,Cabañas,RAMA CAIDA
1131,MARTINA MANUEL,3,0,18,0,07/08/2024,San Rafael,Hospedaje,VALLE GRANDE
1133,COMPLEJO VILLA BONITA,8,0,0,6,10/07/2024,San Rafael,Hospedaje,VILLA 25 DE MAYO
1134,CABAÑAS DEL DIAMANTE,0,0,0,0,10/07/2024,San Rafael,Hospedaje,VILLA 25 DE MAYO
1135,CABAÑAS JIM YES,0,0,0,0,10/07/2024,San Rafael,Hospedaje,RAMA CAIDA
1136,MM-MALVONES MENDOCINOS,3,0,6,1,20/08/2024,Lujan,PAT (Propiedad Alquiler Temporario),CARRODILLA
1137,TERRUÑOS DE PILAR,0,1,15,4,21/08/2024,Malargue,Hospedaje,MALARGUE
1138,ILLARIY - CASA DE CAMPO,1,0,6,0,19/01/2021,Las Heras,Hospedaje,USPALLATA
1139,AYUM ELUN ALDEA DE RIO,0,0,0,0,19/08/2024,San Rafael,Hospedaje,EL NIHUIL
1140,ROBERTO CEFERINO BADUI,1,0,4,0,29/08/2024,Capital,PAT (Propiedad Alquiler Temporario),CIUDAD
1141,REFUGIO INKA,3,0,12,0,29/08/2024,Malargue,Hospedaje,LOS MOLLES 
1142,SOLEADO APART HOTEL,17,0,62,0,03/09/2024,San Rafael,Hospedaje,SAN RAFAEL
1143,LA JARILLA,3,0,16,0,06/09/2024,San Rafael,Hostel,SAN RAFAEL
1144,CABAÑAS LA MONTIELITA,4,0,14,3,09/09/2024,San Rafael,Cabañas,RAMA CAIDA 
1145,LE MONTREAL,18,0,36,0,10/09/2024,Capital,Hospedaje,CAPITAL
1146,CABAÑAS DEL VALLE,0,0,70,10,11/09/2024,San Rafael,Hospedaje,RAMA CAIDA
1147,VALLE HERMOSO ECO LODGE,8,5,34,0,23/09/2024,Malargue,Hospedaje,VALLE HERMOSO
1148,HOTEL SM,39,0,85,0,24/09/2024,Capital,Hospedaje,CIUDAD
1149,TORRE PELLEGRINI MENDOZA,9,0,23,0,02/10/2024,Guaymallen,Hospedaje,GUAYMALLEN
1150,HOTEL PETIT,18,0,42,0,19/09/2024,Capital,Hospedaje,CIUDAD
1151,KAPAC,20,0,55,0,03/10/2024,Capital,Hospedaje,CIUDAD
1152,CABAÑAS DEL MESON,3,1,13,3,07/10/2024,Lujan,Hospedaje,POTRERILLOS
1153,EL GALLEGO,5,2,18,2,08/10/2024,Junin,Hospedaje,ALGARROBO GRANDE
1154,CORDERO NEGRO,5,0,10,0,08/10/2024,Malargue,Bed & Breakfast,MALARGUE
1155,ANTONIETA HOSTEL,6,0,28,0,14/10/2024,San Rafael,Hostel,CIUDAD
1156,MAYO,19,0,45,0,21/10/2024,Capital,Hospedaje,CIUDAD
1157,WH CASA DE HUESPEDES,18,0,39,0,22/10/2024,Capital,Hospedaje,CIUDAD
1158,RINCON DE LA ENSENADA,0,0,0,0,25/10/2024,San Rafael,Hospedaje,RAMA CAIDA
1159,HOTEL VALLE GRANDE,32,0,270,14,12/08/2024,San Rafael,Hospedaje,EL NIHUIL
1160,JARDIN,10,0,20,0,15/07/2024,Guaymallen,Hospedaje,SAN JOSE
1161,MEMBRILLAR DE MONTAÑA,0,0,0,0,12/03/2024,San Rafael,Hospedaje,VALLE GRANDE
1162,KITEK HOTEL BOUTIQUE,9,0,0,0,14/11/2024,Guaymallen,Hospedaje,SAN JOSE
1163,VILLA INES,25,0,60,0,20/11/2024,Capital,Hotel,3 A.SECCION
1164,ALEGRIA,20,0,45,0,04/12/2024,San Rafael,PAT (Propiedad Alquiler Temporario),SAN RAFAEL
1166,HOTEL BUENOS AIRES,20,0,62,0,31/07/2024,Gral. Alvear,Hospedaje,GENERAL ALVEAR
1167,AMBAR APART HOTEL,7,0,18,0,16/12/2024,San Rafael,Hospedaje,SAN RAFAEL
1168,CHILL INN,9,0,32,0,30/01/2025,Capital,Hospedaje,5A. SECCION
1169,ENCANTO DE MARIA,0,0,20,4,31/01/2025,Gral. Alvear,Cabañas,CIUDAD
1170,PUNTO SUR AVENIDA,24,0,61,0,13/02/2025,Malargue,Hospedaje,MALARGUE
1171,LA CASCADA,4,0,0,2,18/02/2025,Gral. Alvear,PAT (Propiedad Alquiler Temporario),GRAL. ALVEAR
1172,CASA HAYDEE,9,0,21,0,26/02/2025,Lujan,Hospedaje,CHACRAS DE CORIA
1173,COMPLEJO LOS JAZMINES,7,0,17,6,05/03/2025,Gral. Alvear,Hospedaje,GRAL. ALVEAR
1174,HOTEL BALLOFFET,20,0,20,0,14/03/2025,San Rafael,Hospedaje,CIUDAD
1175,PUERTA DEL SOL,77,0,175,0,14/03/2025,Capital,Hotel,CAPITAL
1176,PUEBLO DORADO,4,0,14,3,17/03/2025,Malargue,Hospedaje,MALARGUE
1177,OLAS HOSTEL,10,0,13,0,17/03/2025,Capital,Hospedaje,6A. SECCION
1178,H 125,4,1,14,3,15/04/2025,Capital,Hospedaje,6A. SECCION
1181,VALLE HERMOSO,3,0,14,0,21/04/2025,Malargue,PAT (Propiedad Alquiler Temporario),CIUDAD
1182,EL FESTIVAL,0,0,0,0,01/02/2019,Tunuyan,Camping,EL TOTORAL
1183,POSADA DE WALTER,1,0,4,0,28/04/2025,Malargue,PAT (Propiedad Alquiler Temporario),MALARGUE
1184,CABAÑAS LAS MADRIGUERAS,0,0,55,14,28/04/2025,Gral. Alvear,Hospedaje,GRAL. ALVEAR
1185,BOHEMIA,11,0,24,0,12/12/2025,Capital,Hospedaje,CIUDAD
1186,ESTANCIA LOS MORROS,18,0,18,2,06/05/2025,Malargue,PAT (Propiedad Alquiler Temporario),MALARGUE
1187,LA COMARCA,1,0,4,0,04/02/2025,Gral. Alvear,Hospedaje,GRAL.ALVEAR
1188,TERRAZAS EN EL BOSQUE,6,0,18,3,12/12/2025,Malargue,Hospedaje,MALARGUE
1189,TOTEM BOULEVARD,52,0,133,0,03/06/2025,San Martin,Hospedaje,SAN MARTIN
1190,LOS CACTUS,0,0,16,3,03/06/2025,Malargue,PAT (Propiedad Alquiler Temporario),MALARGUE
1191,AMERIAN CHACRAS DE CORIA,40,0,80,0,09/06/2025,Lujan,Hospedaje,CHACRAS DE CORIA
1192,VIENTO ANDINO,14,0,32,8,23/06/2025,San Rafael,PAT (Propiedad Alquiler Temporario),LAS PAREDES
1193,MI SUEÑO,8,0,25,6,25/06/2025,Malargue,Hospedaje,MALARGUE 
1194,MAPAS DE DRUMOND,10,0,25,5,01/07/2025,Lujan,PAT (Propiedad Alquiler Temporario),MAYOR DRUMOND
1195,MIS OLIVOS,6,0,14,0,28/07/2025,San Rafael,Hospedaje,CUADRO BENEGAS
1196,LAS JOSEFINAS,2,0,7,2,30/07/2025,Malargue,Hospedaje,COLONIA PEHUENCHE
1197,DEPARTAMENTOS 9 DE JULIO,0,0,0,0,13/08/2025,Capital,Hospedaje,2A. SECCION
1198,COMPLEJO COIRON,7,0,22,0,13/08/2025,San Rafael,PAT (Propiedad Alquiler Temporario),SAN RAFAEL
1199,COMPLEJO RIO AZUL 2,0,0,0,5,25/08/2025,San Rafael,Hospedaje,VALLE GRANDE
1200,COMPLEJO RIO AZUL 1,0,0,0,0,25/08/2025,San Rafael,Hospedaje,VALLE GRANDE
1201,CABAÑAS AGATA,0,0,36,8,29/10/2024,San Rafael,Hospedaje,EL NIHUIL
1202,ZOMEI,15,0,35,0,02/09/2025,Capital,Hospedaje,1A. SECCION
1203,DOMOS USPALLATA,5,0,14,0,03/09/2025,Las Heras,Glamping,USPALLATA
1204,COMPLEJO SOL Y VALLE,25,1,92,24,11/09/2025,San Rafael,Hospedaje,SAN RAFAEL
1205,HOSTAL DE LOS ANDES,16,0,96,16,18/09/2025,Guaymallen,Posada,RODEO DE LA CRUZ
1206,DEPARTAMENTOS URBANOS,0,0,0,0,25/09/2025,Tunuyan,Hospedaje,TUNUYAN
1207,VALLE ANDINO HOTEL DE MONTAÑA,26,0,60,0,14/10/2025,Las Heras,Hospedaje,USPALLATA
1208,LOS ABEDULES,1,0,1,1,15/10/2025,Malargue,Hospedaje,CAÑADA COLORADA
1209,NUEVO CENTRO HOTEL MENDOZA,25,0,62,0,27/10/2025,Capital,Hospedaje,5A. SECCION
1210,LOS CARDOS LOGDE Y GLAMBING,4,1,30,4,06/11/2025,Malargue,Hospedaje,MALARGUE
1211,HOTEL ANDES INN,23,0,129,0,25/11/2025,San Rafael,Hospedaje,LAS PAREDES
1212,LAS PALMEIRAS,1,0,4,1,04/02/2025,Gral. Alvear,Hospedaje,EL JUNCALITO
